date,OT
2025-02-16 16:00:00,6431.85
2025-02-16 16:01:00,9457.733333
2025-02-16 16:02:00,11626.15
2025-02-16 16:03:00,11397.53333
2025-02-16 16:04:00,11261.16667
2025-02-16 16:05:00,11103.73333
2025-02-16 16:06:00,10979.66667
2025-02-16 16:07:00,10846.05
2025-02-16 16:08:00,10802.48333
2025-02-16 16:09:00,10787.78333
2025-02-16 16:10:00,10713.71667
2025-02-16 16:11:00,10676.11667
2025-02-16 16:12:00,10641.13333
2025-02-16 16:13:00,10620.65
2025-02-16 16:14:00,10579.78333
2025-02-16 16:15:00,10546.31667
2025-02-16 16:16:00,10500.2
2025-02-16 16:17:00,10442.18333
2025-02-16 16:18:00,10413.18333
2025-02-16 16:19:00,10373.9
2025-02-16 16:20:00,10337.93333
2025-02-16 16:21:00,10265.01667
2025-02-16 16:22:00,10125.56667
2025-02-16 16:23:00,10066.45
2025-02-16 16:24:00,9959.8
2025-02-16 16:25:00,9825.733333
2025-02-16 16:26:00,9702.483333
2025-02-16 16:27:00,9554.833333
2025-02-16 16:28:00,9445.05
2025-02-16 16:29:00,9284.516667
2025-02-16 16:30:00,9137.616667
2025-02-16 16:31:00,9004.116667
2025-02-16 16:32:00,8872.016667
2025-02-16 16:33:00,8759.166667
2025-02-16 16:34:00,8697.45
2025-02-16 16:35:00,8642.2
2025-02-16 16:36:00,8616.616667
2025-02-16 16:37:00,8603.533333
2025-02-16 16:38:00,8608.65
2025-02-16 16:39:00,8625.983333
2025-02-16 16:40:00,8622.816667
2025-02-16 16:41:00,8612.3
2025-02-16 16:42:00,8553.333333
2025-02-16 16:43:00,8537.283333
2025-02-16 16:44:00,8464.8
2025-02-16 16:45:00,8435.9
2025-02-16 16:46:00,8384.183333
2025-02-16 16:47:00,8353.6
2025-02-16 16:48:00,8346.283333
2025-02-16 16:49:00,8354.166667
2025-02-16 16:50:00,8282.933333
2025-02-16 16:51:00,8189.683333
2025-02-16 16:52:00,8120.35
2025-02-16 16:53:00,7998.433333
2025-02-16 16:54:00,7892.5
2025-02-16 16:55:00,7782.166667
2025-02-16 16:56:00,7706.25
2025-02-16 16:57:00,7607.816667
2025-02-16 16:58:00,7540.216667
2025-02-16 16:59:00,7454.716667
2025-02-16 17:00:00,7375.666667
2025-02-16 17:01:00,7295.466667
2025-02-16 17:02:00,7244.233333
2025-02-16 17:03:00,7225.133333
2025-02-16 17:04:00,7163.0
2025-02-16 17:05:00,7105.2
2025-02-16 17:06:00,7061.633333
2025-02-16 17:07:00,7014.9
2025-02-16 17:08:00,6985.616667
2025-02-16 17:09:00,6973.05
2025-02-16 17:10:00,6990.8
2025-02-16 17:11:00,6978.916667
2025-02-16 17:12:00,6958.516667
2025-02-16 17:13:00,6896.583333
2025-02-16 17:14:00,6841.7
2025-02-16 17:15:00,6781.733333
2025-02-16 17:16:00,6757.916667
2025-02-16 17:17:00,6693.666667
2025-02-16 17:18:00,6642.5
2025-02-16 17:19:00,6539.3
2025-02-16 17:20:00,6483.95
2025-02-16 17:21:00,6437.933333
2025-02-16 17:22:00,6433.15
2025-02-16 17:23:00,6373.133333
2025-02-16 17:24:00,6310.183333
2025-02-16 17:25:00,6264.4
2025-02-16 17:26:00,6273.983333
2025-02-16 17:27:00,6293.033333
2025-02-16 17:28:00,6251.966667
2025-02-16 17:29:00,6243.883333
2025-02-16 17:30:00,6255.65
2025-02-16 17:31:00,6234.133333
2025-02-16 17:32:00,6202.183333
2025-02-16 17:33:00,6188.516667
2025-02-16 17:34:00,6189.35
2025-02-16 17:35:00,6172.25
2025-02-16 17:36:00,6137.333333
2025-02-16 17:37:00,6087.883333
2025-02-16 17:38:00,6015.1
2025-02-16 17:39:00,5813.133333
2025-02-16 17:40:00,5665.95
2025-02-16 17:41:00,5622.983333
2025-02-16 17:42:00,5577.166667
2025-02-16 17:43:00,5498.0
2025-02-16 17:44:00,5446.183333
2025-02-16 17:45:00,5383.016667
2025-02-16 17:46:00,5351.9
2025-02-16 17:47:00,5288.566667
2025-02-16 17:48:00,5278.25
2025-02-16 17:49:00,5263.466667
2025-02-16 17:50:00,5231.616667
2025-02-16 17:51:00,5191.283333
2025-02-16 17:52:00,5162.233333
2025-02-16 17:53:00,5122.266667
2025-02-16 17:54:00,5116.516667
2025-02-16 17:55:00,5094.233333
2025-02-16 17:56:00,5066.833333
2025-02-16 17:57:00,5097.683333
2025-02-16 17:58:00,5091.7
2025-02-16 17:59:00,5101.233333
2025-02-16 18:00:00,5096.166667
2025-02-16 18:01:00,5046.366667
2025-02-16 18:02:00,4961.933333
2025-02-16 18:03:00,4886.383333
2025-02-16 18:04:00,4814.7
2025-02-16 18:05:00,4764.783333
2025-02-16 18:06:00,4703.283333
2025-02-16 18:07:00,4685.616667
2025-02-16 18:08:00,4678.233333
2025-02-16 18:09:00,4632.616667
2025-02-16 18:10:00,4576.15
2025-02-16 18:11:00,4565.1
2025-02-16 18:12:00,4476.883333
2025-02-16 18:13:00,4447.05
2025-02-16 18:14:00,4402.816667
2025-02-16 18:15:00,4380.6
2025-02-16 18:16:00,4351.283333
2025-02-16 18:17:00,4336.65
2025-02-16 18:18:00,4335.066667
2025-02-16 18:19:00,4338.633333
2025-02-16 18:20:00,4339.25
2025-02-16 18:21:00,4349.2
2025-02-16 18:22:00,4347.283333
2025-02-16 18:23:00,4277.616667
2025-02-16 18:24:00,4201.316667
2025-02-16 18:25:00,4170.3
2025-02-16 18:26:00,4127.933333
2025-02-16 18:27:00,4108.916667
2025-02-16 18:28:00,4077.116667
2025-02-16 18:29:00,4077.95
2025-02-16 18:30:00,4064.75
2025-02-16 18:31:00,4055.416667
2025-02-16 18:32:00,4028.716667
2025-02-16 18:33:00,4019.316667
2025-02-16 18:34:00,4025.616667
2025-02-16 18:35:00,4035.733333
2025-02-16 18:36:00,4008.2
2025-02-16 18:37:00,3982.666667
2025-02-16 18:38:00,3966.066667
2025-02-16 18:39:00,3943.7
2025-02-16 18:40:00,3936.466667
2025-02-16 18:41:00,3946.033333
2025-02-16 18:42:00,3919.833333
2025-02-16 18:43:00,3916.9
2025-02-16 18:44:00,3909.65
2025-02-16 18:45:00,3884.033333
2025-02-16 18:46:00,3867.916667
2025-02-16 18:47:00,3806.083333
2025-02-16 18:48:00,3809.816667
2025-02-16 18:49:00,3805.783333
2025-02-16 18:50:00,3803.466667
2025-02-16 18:51:00,3789.183333
2025-02-16 18:52:00,3824.8
2025-02-16 18:53:00,3840.45
2025-02-16 18:54:00,3825.233333
2025-02-16 18:55:00,3811.466667
2025-02-16 18:56:00,3816.283333
2025-02-16 18:57:00,3783.9
2025-02-16 18:58:00,3769.95
2025-02-16 18:59:00,3758.983333
2025-02-16 19:00:00,3736.183333
2025-02-16 19:01:00,3723.833333
2025-02-16 19:02:00,3681.566667
2025-02-16 19:03:00,3635.783333
2025-02-16 19:04:00,3600.65
2025-02-16 19:05:00,3564.516667
2025-02-16 19:06:00,3549.683333
2025-02-16 19:07:00,3515.116667
2025-02-16 19:08:00,3501.983333
2025-02-16 19:09:00,3481.65
2025-02-16 19:10:00,3466.883333
2025-02-16 19:11:00,3432.033333
2025-02-16 19:12:00,3416.916667
2025-02-16 19:13:00,3345.95
2025-02-16 19:14:00,3327.266667
2025-02-16 19:15:00,3313.233333
2025-02-16 19:16:00,3322.533333
2025-02-16 19:17:00,3322.383333
2025-02-16 19:18:00,3309.25
2025-02-16 19:19:00,3311.933333
2025-02-16 19:20:00,3282.816667
2025-02-16 19:21:00,3273.366667
2025-02-16 19:22:00,3266.716667
2025-02-16 19:23:00,3256.616667
2025-02-16 19:24:00,3251.35
2025-02-16 19:25:00,3250.566667
2025-02-16 19:26:00,3231.5
2025-02-16 19:27:00,3228.983333
2025-02-16 19:28:00,3194.866667
2025-02-16 19:29:00,3191.366667
2025-02-16 19:30:00,3181.283333
2025-02-16 19:31:00,3163.05
2025-02-16 19:32:00,3160.716667
2025-02-16 19:33:00,3137.233333
2025-02-16 19:34:00,3125.266667
2025-02-16 19:35:00,3132.233333
2025-02-16 19:36:00,3142.6
2025-02-16 19:37:00,3114.45
2025-02-16 19:38:00,3097.95
2025-02-16 19:39:00,3074.833333
2025-02-16 19:40:00,3074.5
2025-02-16 19:41:00,3037.8
2025-02-16 19:42:00,3019.516667
2025-02-16 19:43:00,3015.9
2025-02-16 19:44:00,3003.783333
2025-02-16 19:45:00,3007.883333
2025-02-16 19:46:00,2986.4
2025-02-16 19:47:00,2987.383333
2025-02-16 19:48:00,2992.383333
2025-02-16 19:49:00,3010.9
2025-02-16 19:50:00,3027.333333
2025-02-16 19:51:00,3030.266667
2025-02-16 19:52:00,3036.133333
2025-02-16 19:53:00,3035.166667
2025-02-16 19:54:00,3044.816667
2025-02-16 19:55:00,3038.6
2025-02-16 19:56:00,3026.333333
2025-02-16 19:57:00,3024.95
2025-02-16 19:58:00,3038.633333
2025-02-16 19:59:00,3014.233333
2025-02-16 20:00:00,3002.183333
2025-02-16 20:01:00,2974.916667
2025-02-16 20:02:00,2961.2
2025-02-16 20:03:00,2916.65
2025-02-16 20:04:00,2910.7
2025-02-16 20:05:00,2886.4
2025-02-16 20:06:00,2887.283333
2025-02-16 20:07:00,2868.816667
2025-02-16 20:08:00,2873.683333
2025-02-16 20:09:00,2840.266667
2025-02-16 20:10:00,2842.483333
2025-02-16 20:11:00,2844.083333
2025-02-16 20:12:00,2853.0
2025-02-16 20:13:00,2847.916667
2025-02-16 20:14:00,2847.683333
2025-02-16 20:15:00,2848.316667
2025-02-16 20:16:00,2818.5
2025-02-16 20:17:00,2794.15
2025-02-16 20:18:00,2793.266667
2025-02-16 20:19:00,2779.333333
2025-02-16 20:20:00,2779.533333
2025-02-16 20:21:00,2790.633333
2025-02-16 20:22:00,2778.383333
2025-02-16 20:23:00,2765.65
2025-02-16 20:24:00,2767.683333
2025-02-16 20:25:00,2765.466667
2025-02-16 20:26:00,2741.45
2025-02-16 20:27:00,2737.733333
2025-02-16 20:28:00,2724.1
2025-02-16 20:29:00,2722.833333
2025-02-16 20:30:00,2714.983333
2025-02-16 20:31:00,2708.033333
2025-02-16 20:32:00,2699.033333
2025-02-16 20:33:00,2675.8
2025-02-16 20:34:00,2677.166667
2025-02-16 20:35:00,2664.1
2025-02-16 20:36:00,2655.016667
2025-02-16 20:37:00,2647.616667
2025-02-16 20:38:00,2660.483333
2025-02-16 20:39:00,2657.016667
2025-02-16 20:40:00,2656.433333
2025-02-16 20:41:00,2689.583333
2025-02-16 20:42:00,2684.633333
2025-02-16 20:43:00,2683.8
2025-02-16 20:44:00,2701.933333
2025-02-16 20:45:00,2721.55
2025-02-16 20:46:00,2705.433333
2025-02-16 20:47:00,2717.216667
2025-02-16 20:48:00,2714.316667
2025-02-16 20:49:00,2718.4
2025-02-16 20:50:00,2726.0
2025-02-16 20:51:00,2746.916667
2025-02-16 20:52:00,2752.15
2025-02-16 20:53:00,2721.966667
2025-02-16 20:54:00,2706.216667
2025-02-16 20:55:00,2705.283333
2025-02-16 20:56:00,2693.933333
2025-02-16 20:57:00,2697.683333
2025-02-16 20:58:00,2682.583333
2025-02-16 20:59:00,2697.4
2025-02-16 21:00:00,2693.283333
2025-02-16 21:01:00,2738.8
2025-02-16 21:02:00,2749.65
2025-02-16 21:03:00,2708.733333
2025-02-16 21:04:00,2729.316667
2025-02-16 21:05:00,2717.833333
2025-02-16 21:06:00,2744.116667
2025-02-16 21:07:00,2754.366667
2025-02-16 21:08:00,2749.983333
2025-02-16 21:09:00,2781.483333
2025-02-16 21:10:00,2788.45
2025-02-16 21:11:00,2817.45
2025-02-16 21:12:00,2829.666667
2025-02-16 21:13:00,2825.433333
2025-02-16 21:14:00,2827.75
2025-02-16 21:15:00,2852.316667
2025-02-16 21:16:00,2875.25
2025-02-16 21:17:00,2895.65
2025-02-16 21:18:00,2907.233333
2025-02-16 21:19:00,2933.716667
2025-02-16 21:20:00,2956.733333
2025-02-16 21:21:00,2981.35
2025-02-16 21:22:00,3003.883333
2025-02-16 21:23:00,2975.3
2025-02-16 21:24:00,2994.783333
2025-02-16 21:25:00,2998.716667
2025-02-16 21:26:00,3011.333333
2025-02-16 21:27:00,3015.683333
2025-02-16 21:28:00,3015.5
2025-02-16 21:29:00,3020.066667
2025-02-16 21:30:00,3019.416667
2025-02-16 21:31:00,3102.266667
2025-02-16 21:32:00,3145.966667
2025-02-16 21:33:00,3108.216667
2025-02-16 21:34:00,3114.416667
2025-02-16 21:35:00,3139.75
2025-02-16 21:36:00,3185.05
2025-02-16 21:37:00,3211.866667
2025-02-16 21:38:00,3228.316667
2025-02-16 21:39:00,3238.283333
2025-02-16 21:40:00,3252.45
2025-02-16 21:41:00,3313.4
2025-02-16 21:42:00,3340.0
2025-02-16 21:43:00,3348.166667
2025-02-16 21:44:00,3367.966667
2025-02-16 21:45:00,3377.766667
2025-02-16 21:46:00,3413.95
2025-02-16 21:47:00,3433.366667
2025-02-16 21:48:00,3457.933333
2025-02-16 21:49:00,3462.65
2025-02-16 21:50:00,3478.5
2025-02-16 21:51:00,3554.783333
2025-02-16 21:52:00,3591.783333
2025-02-16 21:53:00,3563.75
2025-02-16 21:54:00,3595.283333
2025-02-16 21:55:00,3602.333333
2025-02-16 21:56:00,3621.616667
2025-02-16 21:57:00,3640.8
2025-02-16 21:58:00,3666.933333
2025-02-16 21:59:00,3679.0
2025-02-16 22:00:00,3689.216667
2025-02-16 22:01:00,3850.283333
2025-02-16 22:02:00,3972.816667
2025-02-16 22:03:00,3884.716667
2025-02-16 22:04:00,3894.4
2025-02-16 22:05:00,3935.35
2025-02-16 22:06:00,3993.5
2025-02-16 22:07:00,4009.45
2025-02-16 22:08:00,4017.616667
2025-02-16 22:09:00,4055.95
2025-02-16 22:10:00,4089.55
2025-02-16 22:11:00,4191.783333
2025-02-16 22:12:00,4251.9
2025-02-16 22:13:00,4239.533333
2025-02-16 22:14:00,4268.283333
2025-02-16 22:15:00,4310.833333
2025-02-16 22:16:00,4371.116667
2025-02-16 22:17:00,4391.7
2025-02-16 22:18:00,4392.3
2025-02-16 22:19:00,4411.766667
2025-02-16 22:20:00,4441.833333
2025-02-16 22:21:00,4552.683333
2025-02-16 22:22:00,4603.516667
2025-02-16 22:23:00,4579.3
2025-02-16 22:24:00,4587.4
2025-02-16 22:25:00,4614.733333
2025-02-16 22:26:00,4663.333333
2025-02-16 22:27:00,4695.333333
2025-02-16 22:28:00,4728.433333
2025-02-16 22:29:00,4765.1
2025-02-16 22:30:00,4787.516667
2025-02-16 22:31:00,4937.366667
2025-02-16 22:32:00,4989.766667
2025-02-16 22:33:00,4936.35
2025-02-16 22:34:00,4957.133333
2025-02-16 22:35:00,4983.916667
2025-02-16 22:36:00,5022.366667
2025-02-16 22:37:00,5050.4
2025-02-16 22:38:00,5070.833333
2025-02-16 22:39:00,5095.35
2025-02-16 22:40:00,5159.05
2025-02-16 22:41:00,5241.333333
2025-02-16 22:42:00,5274.033333
2025-02-16 22:43:00,5239.05
2025-02-16 22:44:00,5231.25
2025-02-16 22:45:00,5225.683333
2025-02-16 22:46:00,5277.4
2025-02-16 22:47:00,5303.35
2025-02-16 22:48:00,5286.416667
2025-02-16 22:49:00,5311.766667
2025-02-16 22:50:00,5306.683333
2025-02-16 22:51:00,5386.016667
2025-02-16 22:52:00,5422.166667
2025-02-16 22:53:00,5387.3
2025-02-16 22:54:00,5386.083333
2025-02-16 22:55:00,5374.333333
2025-02-16 22:56:00,5384.933333
2025-02-16 22:57:00,5381.266667
2025-02-16 22:58:00,5369.516667
2025-02-16 22:59:00,5372.95
2025-02-16 23:00:00,5373.716667
2025-02-16 23:01:00,5485.283333
2025-02-16 23:02:00,5520.65
2025-02-16 23:03:00,5452.133333
2025-02-16 23:04:00,5448.45
2025-02-16 23:05:00,5424.316667
2025-02-16 23:06:00,5492.0
2025-02-16 23:07:00,5496.833333
2025-02-16 23:08:00,5511.916667
2025-02-16 23:09:00,5535.8
2025-02-16 23:10:00,5554.2
2025-02-16 23:11:00,5586.383333
2025-02-16 23:12:00,5578.683333
2025-02-16 23:13:00,5581.183333
2025-02-16 23:14:00,5565.583333
2025-02-16 23:15:00,5559.316667
2025-02-16 23:16:00,5568.4
2025-02-16 23:17:00,5553.766667
2025-02-16 23:18:00,5538.65
2025-02-16 23:19:00,5521.8
2025-02-16 23:20:00,5536.816667
2025-02-16 23:21:00,5561.766667
2025-02-16 23:22:00,5570.9
2025-02-16 23:23:00,5530.95
2025-02-16 23:24:00,5538.816667
2025-02-16 23:25:00,5520.483333
2025-02-16 23:26:00,5523.416667
2025-02-16 23:27:00,5500.35
2025-02-16 23:28:00,5476.55
2025-02-16 23:29:00,5457.5
2025-02-16 23:30:00,5431.483333
2025-02-16 23:31:00,5462.483333
2025-02-16 23:32:00,5461.25
2025-02-16 23:33:00,5406.683333
2025-02-16 23:34:00,5419.116667
2025-02-16 23:35:00,5398.8
2025-02-16 23:36:00,5422.866667
2025-02-16 23:37:00,5409.7
2025-02-16 23:38:00,5382.816667
2025-02-16 23:39:00,5375.283333
2025-02-16 23:40:00,5368.616667
2025-02-16 23:41:00,5347.133333
2025-02-16 23:42:00,5331.6
2025-02-16 23:43:00,5316.116667
2025-02-16 23:44:00,5330.066667
2025-02-16 23:45:00,5318.133333
2025-02-16 23:46:00,5308.966667
2025-02-16 23:47:00,5334.866667
2025-02-16 23:48:00,5335.133333
2025-02-16 23:49:00,5342.266667
2025-02-16 23:50:00,5304.816667
2025-02-16 23:51:00,5308.55
2025-02-16 23:52:00,5312.4
2025-02-16 23:53:00,5304.516667
2025-02-16 23:54:00,5310.533333
2025-02-16 23:55:00,5323.45
2025-02-16 23:56:00,5318.433333
2025-02-16 23:57:00,5305.916667
2025-02-16 23:58:00,5311.316667
2025-02-16 23:59:00,5351.933333
2025-02-17 00:00:00,5371.966667
2025-02-17 00:01:00,5401.033333
2025-02-17 00:02:00,5382.383333
2025-02-17 00:03:00,5340.033333
2025-02-17 00:04:00,5296.6
2025-02-17 00:05:00,5302.55
2025-02-17 00:06:00,5290.666667
2025-02-17 00:07:00,5273.366667
2025-02-17 00:08:00,5249.716667
2025-02-17 00:09:00,5243.816667
2025-02-17 00:10:00,5278.783333
2025-02-17 00:11:00,5261.183333
2025-02-17 00:12:00,5276.383333
2025-02-17 00:13:00,5285.2
2025-02-17 00:14:00,5279.5
2025-02-17 00:15:00,5286.366667
2025-02-17 00:16:00,5291.733333
2025-02-17 00:17:00,5315.2
2025-02-17 00:18:00,5320.533333
2025-02-17 00:19:00,5300.1
2025-02-17 00:20:00,5283.716667
2025-02-17 00:21:00,5252.85
2025-02-17 00:22:00,5262.116667
2025-02-17 00:23:00,5253.6
2025-02-17 00:24:00,5242.783333
2025-02-17 00:25:00,5254.583333
2025-02-17 00:26:00,5252.3
2025-02-17 00:27:00,5240.683333
2025-02-17 00:28:00,5229.433333
2025-02-17 00:29:00,5239.05
2025-02-17 00:30:00,5235.15
2025-02-17 00:31:00,5261.683333
2025-02-17 00:32:00,5252.833333
2025-02-17 00:33:00,5252.933333
2025-02-17 00:34:00,5245.066667
2025-02-17 00:35:00,5247.966667
2025-02-17 00:36:00,5236.116667
2025-02-17 00:37:00,5250.483333
2025-02-17 00:38:00,5254.633333
2025-02-17 00:39:00,5278.816667
2025-02-17 00:40:00,5313.433333
2025-02-17 00:41:00,5324.416667
2025-02-17 00:42:00,5347.05
2025-02-17 00:43:00,5360.15
2025-02-17 00:44:00,5396.066667
2025-02-17 00:45:00,5410.45
2025-02-17 00:46:00,5447.516667
2025-02-17 00:47:00,5473.4
2025-02-17 00:48:00,5500.383333
2025-02-17 00:49:00,5506.766667
2025-02-17 00:50:00,5534.3
2025-02-17 00:51:00,5558.733333
2025-02-17 00:52:00,5583.933333
2025-02-17 00:53:00,5576.333333
2025-02-17 00:54:00,5584.533333
2025-02-17 00:55:00,5558.016667
2025-02-17 00:56:00,5555.533333
2025-02-17 00:57:00,5570.2
2025-02-17 00:58:00,5552.133333
2025-02-17 00:59:00,5561.916667
2025-02-17 01:00:00,5556.85
2025-02-17 01:01:00,5579.05
2025-02-17 01:02:00,5589.716667
2025-02-17 01:03:00,5545.4
2025-02-17 01:04:00,5558.183333
2025-02-17 01:05:00,5563.383333
2025-02-17 01:06:00,5576.966667
2025-02-17 01:07:00,5584.333333
2025-02-17 01:08:00,5588.433333
2025-02-17 01:09:00,5607.9
2025-02-17 01:10:00,5595.266667
2025-02-17 01:11:00,5626.766667
2025-02-17 01:12:00,5634.45
2025-02-17 01:13:00,5648.633333
2025-02-17 01:14:00,5626.983333
2025-02-17 01:15:00,5639.2
2025-02-17 01:16:00,5624.6
2025-02-17 01:17:00,5658.55
2025-02-17 01:18:00,5670.2
2025-02-17 01:19:00,5685.55
2025-02-17 01:20:00,5743.55
2025-02-17 01:21:00,5742.633333
2025-02-17 01:22:00,5775.433333
2025-02-17 01:23:00,5767.166667
2025-02-17 01:24:00,5749.716667
2025-02-17 01:25:00,5751.85
2025-02-17 01:26:00,5753.033333
2025-02-17 01:27:00,5732.45
2025-02-17 01:28:00,5761.666667
2025-02-17 01:29:00,5726.8
2025-02-17 01:30:00,5761.683333
2025-02-17 01:31:00,5770.866667
2025-02-17 01:32:00,5778.816667
2025-02-17 01:33:00,5782.316667
2025-02-17 01:34:00,5774.266667
2025-02-17 01:35:00,5779.25
2025-02-17 01:36:00,5783.783333
2025-02-17 01:37:00,5804.933333
2025-02-17 01:38:00,5830.083333
2025-02-17 01:39:00,5856.533333
2025-02-17 01:40:00,5869.25
2025-02-17 01:41:00,5887.983333
2025-02-17 01:42:00,5898.466667
2025-02-17 01:43:00,5892.133333
2025-02-17 01:44:00,5895.183333
2025-02-17 01:45:00,5899.033333
2025-02-17 01:46:00,5894.716667
2025-02-17 01:47:00,5895.833333
2025-02-17 01:48:00,5920.433333
2025-02-17 01:49:00,5912.916667
2025-02-17 01:50:00,5920.15
2025-02-17 01:51:00,5953.566667
2025-02-17 01:52:00,5941.516667
2025-02-17 01:53:00,5956.916667
2025-02-17 01:54:00,5971.083333
2025-02-17 01:55:00,5965.016667
2025-02-17 01:56:00,5983.2
2025-02-17 01:57:00,6025.533333
2025-02-17 01:58:00,6053.183333
2025-02-17 01:59:00,6086.133333
2025-02-17 02:00:00,6094.766667
2025-02-17 02:01:00,5079.683333
2025-02-17 02:02:00,4242.633333
2025-02-17 02:03:00,4186.966667
2025-02-17 02:04:00,4154.916667
2025-02-17 02:05:00,4128.083333
2025-02-17 02:06:00,4118.616667
2025-02-17 02:07:00,4102.083333
2025-02-17 02:08:00,4095.866667
2025-02-17 02:09:00,4086.283333
2025-02-17 02:10:00,4087.983333
2025-02-17 02:11:00,4062.966667
2025-02-17 02:12:00,4029.95
2025-02-17 02:13:00,3991.65
2025-02-17 02:14:00,3998.083333
2025-02-17 02:15:00,3983.6
2025-02-17 02:16:00,3976.1
2025-02-17 02:17:00,3965.216667
2025-02-17 02:18:00,3969.733333
2025-02-17 02:19:00,3954.2
2025-02-17 02:20:00,3945.4
2025-02-17 02:21:00,3961.866667
2025-02-17 02:22:00,3961.9
2025-02-17 02:23:00,3958.35
2025-02-17 02:24:00,3984.333333
2025-02-17 02:25:00,3987.783333
2025-02-17 02:26:00,4020.833333
2025-02-17 02:27:00,4019.15
2025-02-17 02:28:00,4034.45
2025-02-17 02:29:00,4073.966667
2025-02-17 02:30:00,4092.633333
2025-02-17 02:31:00,4094.9
2025-02-17 02:32:00,4128.766667
2025-02-17 02:33:00,4144.166667
2025-02-17 02:34:00,4138.9
2025-02-17 02:35:00,4176.6
2025-02-17 02:36:00,4211.033333
2025-02-17 02:37:00,4228.566667
2025-02-17 02:38:00,4240.666667
2025-02-17 02:39:00,4233.45
2025-02-17 02:40:00,4223.633333
2025-02-17 02:41:00,4219.45
2025-02-17 02:42:00,4201.933333
2025-02-17 02:43:00,4155.866667
2025-02-17 02:44:00,4155.133333
2025-02-17 02:45:00,4100.633333
2025-02-17 02:46:00,4106.366667
2025-02-17 02:47:00,4086.283333
2025-02-17 02:48:00,4062.55
2025-02-17 02:49:00,4077.3
2025-02-17 02:50:00,4086.6
2025-02-17 02:51:00,4091.433333
2025-02-17 02:52:00,4083.233333
2025-02-17 02:53:00,4084.516667
2025-02-17 02:54:00,4086.833333
2025-02-17 02:55:00,4074.616667
2025-02-17 02:56:00,4076.083333
2025-02-17 02:57:00,4077.416667
2025-02-17 02:58:00,4096.066667
2025-02-17 02:59:00,4088.816667
2025-02-17 03:00:00,4084.216667
2025-02-17 03:01:00,4103.483333
2025-02-17 03:02:00,4112.516667
2025-02-17 03:03:00,4110.0
2025-02-17 03:04:00,4118.1
2025-02-17 03:05:00,4139.016667
2025-02-17 03:06:00,4156.366667
2025-02-17 03:07:00,4181.416667
2025-02-17 03:08:00,4191.333333
2025-02-17 03:09:00,4225.633333
2025-02-17 03:10:00,4262.35
2025-02-17 03:11:00,4295.133333
2025-02-17 03:12:00,4271.5
2025-02-17 03:13:00,4329.883333
2025-02-17 03:14:00,4349.15
2025-02-17 03:15:00,4337.233333
2025-02-17 03:16:00,4376.45
2025-02-17 03:17:00,4389.083333
2025-02-17 03:18:00,4399.316667
2025-02-17 03:19:00,4430.416667
2025-02-17 03:20:00,4439.05
2025-02-17 03:21:00,4457.05
2025-02-17 03:22:00,4470.95
2025-02-17 03:23:00,4483.166667
2025-02-17 03:24:00,4521.133333
2025-02-17 03:25:00,4530.0
2025-02-17 03:26:00,4562.266667
2025-02-17 03:27:00,4546.233333
2025-02-17 03:28:00,4580.366667
2025-02-17 03:29:00,4605.75
2025-02-17 03:30:00,4619.433333
2025-02-17 03:31:00,4655.5
2025-02-17 03:32:00,4659.633333
2025-02-17 03:33:00,4694.0
2025-02-17 03:34:00,4697.15
2025-02-17 03:35:00,4714.65
2025-02-17 03:36:00,4731.566667
2025-02-17 03:37:00,4745.366667
2025-02-17 03:38:00,4758.233333
2025-02-17 03:39:00,4816.033333
2025-02-17 03:40:00,4825.833333
2025-02-17 03:41:00,4839.266667
2025-02-17 03:42:00,4862.816667
2025-02-17 03:43:00,4917.516667
2025-02-17 03:44:00,4922.933333
2025-02-17 03:45:00,4974.25
2025-02-17 03:46:00,4985.133333
2025-02-17 03:47:00,5039.916667
2025-02-17 03:48:00,5077.183333
2025-02-17 03:49:00,5096.433333
2025-02-17 03:50:00,5129.966667
2025-02-17 03:51:00,5163.216667
2025-02-17 03:52:00,5196.266667
2025-02-17 03:53:00,5220.183333
2025-02-17 03:54:00,5254.166667
2025-02-17 03:55:00,5302.183333
2025-02-17 03:56:00,5327.316667
2025-02-17 03:57:00,5352.066667
2025-02-17 03:58:00,5356.316667
2025-02-17 03:59:00,5355.266667
2025-02-17 04:00:00,5370.25
2025-02-17 04:01:00,5384.35
2025-02-17 04:02:00,5361.533333
2025-02-17 04:03:00,5343.683333
2025-02-17 04:04:00,5343.5
2025-02-17 04:05:00,5302.783333
2025-02-17 04:06:00,5313.933333
2025-02-17 04:07:00,5254.933333
2025-02-17 04:08:00,5226.15
2025-02-17 04:09:00,5218.25
2025-02-17 04:10:00,5183.45
2025-02-17 04:11:00,5187.983333
2025-02-17 04:12:00,5191.816667
2025-02-17 04:13:00,5213.1
2025-02-17 04:14:00,5222.383333
2025-02-17 04:15:00,5237.65
2025-02-17 04:16:00,5263.533333
2025-02-17 04:17:00,5276.066667
2025-02-17 04:18:00,5300.25
2025-02-17 04:19:00,5319.033333
2025-02-17 04:20:00,5328.583333
2025-02-17 04:21:00,5308.616667
2025-02-17 04:22:00,5304.5
2025-02-17 04:23:00,5305.383333
2025-02-17 04:24:00,5334.35
2025-02-17 04:25:00,5363.8
2025-02-17 04:26:00,5358.033333
2025-02-17 04:27:00,5378.216667
2025-02-17 04:28:00,5372.7
2025-02-17 04:29:00,5367.45
2025-02-17 04:30:00,5372.85
2025-02-17 04:31:00,5391.15
2025-02-17 04:32:00,5399.15
2025-02-17 04:33:00,5391.933333
2025-02-17 04:34:00,5393.55
2025-02-17 04:35:00,5431.7
2025-02-17 04:36:00,5428.866667
2025-02-17 04:37:00,5441.25
2025-02-17 04:38:00,5467.6
2025-02-17 04:39:00,5493.4
2025-02-17 04:40:00,5509.333333
2025-02-17 04:41:00,5520.5
2025-02-17 04:42:00,5513.466667
2025-02-17 04:43:00,5509.95
2025-02-17 04:44:00,5523.416667
2025-02-17 04:45:00,5540.883333
2025-02-17 04:46:00,5540.583333
2025-02-17 04:47:00,5546.766667
2025-02-17 04:48:00,5600.466667
2025-02-17 04:49:00,5602.033333
2025-02-17 04:50:00,5610.216667
2025-02-17 04:51:00,5595.383333
2025-02-17 04:52:00,5627.866667
2025-02-17 04:53:00,5590.733333
2025-02-17 04:54:00,5613.833333
2025-02-17 04:55:00,5619.233333
2025-02-17 04:56:00,5637.166667
2025-02-17 04:57:00,5651.316667
2025-02-17 04:58:00,5642.466667
2025-02-17 04:59:00,5661.683333
2025-02-17 05:00:00,5675.55
2025-02-17 05:01:00,5677.783333
2025-02-17 05:02:00,5654.75
2025-02-17 05:03:00,5668.916667
2025-02-17 05:04:00,5663.566667
2025-02-17 05:05:00,5688.0
2025-02-17 05:06:00,5693.066667
2025-02-17 05:07:00,5693.616667
2025-02-17 05:08:00,5724.85
2025-02-17 05:09:00,5750.133333
2025-02-17 05:10:00,5765.066667
2025-02-17 05:11:00,5784.75
2025-02-17 05:12:00,5786.783333
2025-02-17 05:13:00,5817.383333
2025-02-17 05:14:00,5830.066667
2025-02-17 05:15:00,5853.7
2025-02-17 05:16:00,5860.483333
2025-02-17 05:17:00,5855.133333
2025-02-17 05:18:00,5860.25
2025-02-17 05:19:00,5864.816667
2025-02-17 05:20:00,5851.516667
2025-02-17 05:21:00,5876.633333
2025-02-17 05:22:00,5894.816667
2025-02-17 05:23:00,5885.3
2025-02-17 05:24:00,5854.833333
2025-02-17 05:25:00,5848.933333
2025-02-17 05:26:00,5867.716667
2025-02-17 05:27:00,5807.716667
2025-02-17 05:28:00,5807.95
2025-02-17 05:29:00,5776.033333
2025-02-17 05:30:00,5727.383333
2025-02-17 05:31:00,5676.1
2025-02-17 05:32:00,5599.083333
2025-02-17 05:33:00,5572.3
2025-02-17 05:34:00,5548.066667
2025-02-17 05:35:00,5576.016667
2025-02-17 05:36:00,5542.5
2025-02-17 05:37:00,5529.866667
2025-02-17 05:38:00,5531.833333
2025-02-17 05:39:00,5527.083333
2025-02-17 05:40:00,5523.5
2025-02-17 05:41:00,5538.233333
2025-02-17 05:42:00,5488.566667
2025-02-17 05:43:00,5443.416667
2025-02-17 05:44:00,5384.033333
2025-02-17 05:45:00,5365.95
2025-02-17 05:46:00,5342.15
2025-02-17 05:47:00,5317.283333
2025-02-17 05:48:00,5273.883333
2025-02-17 05:49:00,5261.066667
2025-02-17 05:50:00,5249.683333
2025-02-17 05:51:00,5238.316667
2025-02-17 05:52:00,5238.333333
2025-02-17 05:53:00,5209.65
2025-02-17 05:54:00,5245.483333
2025-02-17 05:55:00,5234.033333
2025-02-17 05:56:00,5241.4
2025-02-17 05:57:00,5264.283333
2025-02-17 05:58:00,5244.9
2025-02-17 05:59:00,5245.716667
2025-02-17 06:00:00,5249.033333
2025-02-17 06:01:00,5218.933333
2025-02-17 06:02:00,5209.55
2025-02-17 06:03:00,5187.183333
2025-02-17 06:04:00,5196.35
2025-02-17 06:05:00,5183.45
2025-02-17 06:06:00,5184.666667
2025-02-17 06:07:00,5195.433333
2025-02-17 06:08:00,5205.733333
2025-02-17 06:09:00,5198.133333
2025-02-17 06:10:00,5225.333333
2025-02-17 06:11:00,5228.266667
2025-02-17 06:12:00,5237.083333
2025-02-17 06:13:00,5247.183333
2025-02-17 06:14:00,5239.85
2025-02-17 06:15:00,5262.4
2025-02-17 06:16:00,5274.116667
2025-02-17 06:17:00,5267.3
2025-02-17 06:18:00,5264.633333
2025-02-17 06:19:00,5271.6
2025-02-17 06:20:00,5276.383333
2025-02-17 06:21:00,5293.083333
2025-02-17 06:22:00,5313.3
2025-02-17 06:23:00,5331.633333
2025-02-17 06:24:00,5330.2
2025-02-17 06:25:00,5341.133333
2025-02-17 06:26:00,5344.966667
2025-02-17 06:27:00,5366.016667
2025-02-17 06:28:00,5371.833333
2025-02-17 06:29:00,5383.0
2025-02-17 06:30:00,5377.883333
2025-02-17 06:31:00,5378.1
2025-02-17 06:32:00,5373.75
2025-02-17 06:33:00,5390.8
2025-02-17 06:34:00,5421.766667
2025-02-17 06:35:00,5436.816667
2025-02-17 06:36:00,5439.083333
2025-02-17 06:37:00,5436.8
2025-02-17 06:38:00,5446.783333
2025-02-17 06:39:00,5469.216667
2025-02-17 06:40:00,5498.05
2025-02-17 06:41:00,5517.016667
2025-02-17 06:42:00,5552.233333
2025-02-17 06:43:00,5582.45
2025-02-17 06:44:00,5582.4
2025-02-17 06:45:00,5621.916667
2025-02-17 06:46:00,5620.2
2025-02-17 06:47:00,5628.666667
2025-02-17 06:48:00,5650.716667
2025-02-17 06:49:00,5644.416667
2025-02-17 06:50:00,5639.1
2025-02-17 06:51:00,5671.2
2025-02-17 06:52:00,5691.183333
2025-02-17 06:53:00,5707.983333
2025-02-17 06:54:00,5706.5
2025-02-17 06:55:00,5728.566667
2025-02-17 06:56:00,5718.683333
2025-02-17 06:57:00,5757.166667
2025-02-17 06:58:00,5753.016667
2025-02-17 06:59:00,5782.916667
2025-02-17 07:00:00,5798.966667
2025-02-17 07:01:00,5817.583333
2025-02-17 07:02:00,5828.95
2025-02-17 07:03:00,5844.383333
2025-02-17 07:04:00,5840.533333
2025-02-17 07:05:00,5875.816667
2025-02-17 07:06:00,5882.833333
2025-02-17 07:07:00,5872.033333
2025-02-17 07:08:00,5858.733333
2025-02-17 07:09:00,5824.15
2025-02-17 07:10:00,5773.216667
2025-02-17 07:11:00,5752.816667
2025-02-17 07:12:00,5728.533333
2025-02-17 07:13:00,5692.533333
2025-02-17 07:14:00,5681.883333
2025-02-17 07:15:00,5637.616667
2025-02-17 07:16:00,5664.116667
2025-02-17 07:17:00,5663.166667
2025-02-17 07:18:00,5641.65
2025-02-17 07:19:00,5649.733333
2025-02-17 07:20:00,5643.116667
2025-02-17 07:21:00,5621.55
2025-02-17 07:22:00,5632.216667
2025-02-17 07:23:00,5615.95
2025-02-17 07:24:00,5597.35
2025-02-17 07:25:00,5597.883333
2025-02-17 07:26:00,5600.983333
2025-02-17 07:27:00,5602.1
2025-02-17 07:28:00,5609.833333
2025-02-17 07:29:00,5605.883333
2025-02-17 07:30:00,5651.866667
2025-02-17 07:31:00,5674.616667
2025-02-17 07:32:00,5704.933333
2025-02-17 07:33:00,5721.4
2025-02-17 07:34:00,5734.833333
2025-02-17 07:35:00,5785.15
2025-02-17 07:36:00,5777.1
2025-02-17 07:37:00,5801.016667
2025-02-17 07:38:00,5816.75
2025-02-17 07:39:00,5842.4
2025-02-17 07:40:00,5864.55
2025-02-17 07:41:00,5879.466667
2025-02-17 07:42:00,5891.5
2025-02-17 07:43:00,5879.483333
2025-02-17 07:44:00,5901.933333
2025-02-17 07:45:00,5903.966667
2025-02-17 07:46:00,5897.366667
2025-02-17 07:47:00,5911.616667
2025-02-17 07:48:00,5916.55
2025-02-17 07:49:00,5955.15
2025-02-17 07:50:00,5978.566667
2025-02-17 07:51:00,5999.733333
2025-02-17 07:52:00,5973.283333
2025-02-17 07:53:00,5981.716667
2025-02-17 07:54:00,5996.55
2025-02-17 07:55:00,6030.266667
2025-02-17 07:56:00,6038.933333
2025-02-17 07:57:00,6094.25
2025-02-17 07:58:00,6123.6
2025-02-17 07:59:00,6158.133333
2025-02-17 08:00:00,6206.2
2025-02-17 08:01:00,6239.683333
2025-02-17 08:02:00,6267.733333
2025-02-17 08:03:00,6284.4
2025-02-17 08:04:00,6300.533333
2025-02-17 08:05:00,6324.166667
2025-02-17 08:06:00,6353.766667
2025-02-17 08:07:00,6354.083333
2025-02-17 08:08:00,6392.366667
2025-02-17 08:09:00,6393.716667
2025-02-17 08:10:00,6424.55
2025-02-17 08:11:00,6458.916667
2025-02-17 08:12:00,6488.216667
2025-02-17 08:13:00,6502.2
2025-02-17 08:14:00,6495.616667
2025-02-17 08:15:00,6507.133333
2025-02-17 08:16:00,6532.25
2025-02-17 08:17:00,6525.65
2025-02-17 08:18:00,6521.066667
2025-02-17 08:19:00,6540.55
2025-02-17 08:20:00,6531.516667
2025-02-17 08:21:00,6549.55
2025-02-17 08:22:00,6565.516667
2025-02-17 08:23:00,6583.933333
2025-02-17 08:24:00,6586.483333
2025-02-17 08:25:00,6571.883333
2025-02-17 08:26:00,6517.983333
2025-02-17 08:27:00,6478.65
2025-02-17 08:28:00,6431.35
2025-02-17 08:29:00,6399.45
2025-02-17 08:30:00,6362.816667
2025-02-17 08:31:00,6339.033333
2025-02-17 08:32:00,6321.983333
2025-02-17 08:33:00,6334.216667
2025-02-17 08:34:00,6328.666667
2025-02-17 08:35:00,6317.833333
2025-02-17 08:36:00,6328.216667
2025-02-17 08:37:00,6364.316667
2025-02-17 08:38:00,6361.433333
2025-02-17 08:39:00,6413.333333
2025-02-17 08:40:00,6412.616667
2025-02-17 08:41:00,6454.066667
2025-02-17 08:42:00,6487.95
2025-02-17 08:43:00,6500.666667
2025-02-17 08:44:00,6478.683333
2025-02-17 08:45:00,6534.316667
2025-02-17 08:46:00,6529.5
2025-02-17 08:47:00,6566.183333
2025-02-17 08:48:00,6570.383333
2025-02-17 08:49:00,6569.416667
2025-02-17 08:50:00,6591.933333
2025-02-17 08:51:00,6620.183333
2025-02-17 08:52:00,6598.0
2025-02-17 08:53:00,6635.016667
2025-02-17 08:54:00,6657.083333
2025-02-17 08:55:00,6668.133333
2025-02-17 08:56:00,6677.033333
2025-02-17 08:57:00,6705.216667
2025-02-17 08:58:00,6751.483333
2025-02-17 08:59:00,6749.016667
2025-02-17 09:00:00,6784.6
2025-02-17 09:01:00,6773.616667
2025-02-17 09:02:00,6768.9
2025-02-17 09:03:00,6799.2
2025-02-17 09:04:00,6830.433333
2025-02-17 09:05:00,6882.25
2025-02-17 09:06:00,6910.916667
2025-02-17 09:07:00,6944.766667
2025-02-17 09:08:00,6994.9
2025-02-17 09:09:00,7018.166667
2025-02-17 09:10:00,7101.716667
2025-02-17 09:11:00,7115.583333
2025-02-17 09:12:00,7157.416667
2025-02-17 09:13:00,7209.766667
2025-02-17 09:14:00,7263.216667
2025-02-17 09:15:00,7296.383333
2025-02-17 09:16:00,7329.533333
2025-02-17 09:17:00,7344.316667
2025-02-17 09:18:00,7395.533333
2025-02-17 09:19:00,7411.3
2025-02-17 09:20:00,7426.3
2025-02-17 09:21:00,7475.833333
2025-02-17 09:22:00,7481.966667
2025-02-17 09:23:00,7507.833333
2025-02-17 09:24:00,7532.85
2025-02-17 09:25:00,7572.75
2025-02-17 09:26:00,7582.266667
2025-02-17 09:27:00,7629.883333
2025-02-17 09:28:00,7659.2
2025-02-17 09:29:00,7673.233333
2025-02-17 09:30:00,7706.733333
2025-02-17 09:31:00,7693.233333
2025-02-17 09:32:00,7683.5
2025-02-17 09:33:00,7673.55
2025-02-17 09:34:00,7681.166667
2025-02-17 09:35:00,7690.033333
2025-02-17 09:36:00,7711.45
2025-02-17 09:37:00,7778.216667
2025-02-17 09:38:00,7787.366667
2025-02-17 09:39:00,7833.983333
2025-02-17 09:40:00,7831.683333
2025-02-17 09:41:00,7850.0
2025-02-17 09:42:00,7885.516667
2025-02-17 09:43:00,7864.316667
2025-02-17 09:44:00,7820.933333
2025-02-17 09:45:00,7745.783333
2025-02-17 09:46:00,7708.266667
2025-02-17 09:47:00,7643.083333
2025-02-17 09:48:00,7621.95
2025-02-17 09:49:00,7610.3
2025-02-17 09:50:00,7601.483333
2025-02-17 09:51:00,7585.616667
2025-02-17 09:52:00,7565.066667
2025-02-17 09:53:00,7590.7
2025-02-17 09:54:00,7575.183333
2025-02-17 09:55:00,7575.416667
2025-02-17 09:56:00,7564.033333
2025-02-17 09:57:00,7610.683333
2025-02-17 09:58:00,7620.816667
2025-02-17 09:59:00,7609.666667
2025-02-17 10:00:00,7606.35
2025-02-17 10:01:00,7623.716667
2025-02-17 10:02:00,7593.616667
2025-02-17 10:03:00,7531.183333
2025-02-17 10:04:00,7536.383333
2025-02-17 10:05:00,7531.4
2025-02-17 10:06:00,7545.4
2025-02-17 10:07:00,7575.65
2025-02-17 10:08:00,7605.35
2025-02-17 10:09:00,7638.866667
2025-02-17 10:10:00,7672.533333
2025-02-17 10:11:00,7712.266667
2025-02-17 10:12:00,7698.283333
2025-02-17 10:13:00,7725.8
2025-02-17 10:14:00,7784.916667
2025-02-17 10:15:00,7809.25
2025-02-17 10:16:00,7819.533333
2025-02-17 10:17:00,7894.1
2025-02-17 10:18:00,7951.116667
2025-02-17 10:19:00,7975.583333
2025-02-17 10:20:00,8038.066667
2025-02-17 10:21:00,8117.266667
2025-02-17 10:22:00,8120.033333
2025-02-17 10:23:00,8160.916667
2025-02-17 10:24:00,8204.283333
2025-02-17 10:25:00,8237.066667
2025-02-17 10:26:00,8292.766667
2025-02-17 10:27:00,8308.05
2025-02-17 10:28:00,8358.083333
2025-02-17 10:29:00,8394.233333
2025-02-17 10:30:00,8435.883333
2025-02-17 10:31:00,8430.816667
2025-02-17 10:32:00,8456.566667
2025-02-17 10:33:00,8453.333333
2025-02-17 10:34:00,8488.85
2025-02-17 10:35:00,8515.283333
2025-02-17 10:36:00,8516.783333
2025-02-17 10:37:00,8572.15
2025-02-17 10:38:00,8629.666667
2025-02-17 10:39:00,8647.083333
2025-02-17 10:40:00,8668.216667
2025-02-17 10:41:00,8728.533333
2025-02-17 10:42:00,8724.816667
2025-02-17 10:43:00,8753.066667
2025-02-17 10:44:00,8800.066667
2025-02-17 10:45:00,8849.683333
2025-02-17 10:46:00,8883.65
2025-02-17 10:47:00,8902.033333
2025-02-17 10:48:00,8919.766667
2025-02-17 10:49:00,8966.85
2025-02-17 10:50:00,8984.366667
2025-02-17 10:51:00,9043.833333
2025-02-17 10:52:00,9064.533333
2025-02-17 10:53:00,9093.816667
2025-02-17 10:54:00,9100.666667
2025-02-17 10:55:00,9147.5
2025-02-17 10:56:00,9176.666667
2025-02-17 10:57:00,9223.25
2025-02-17 10:58:00,9280.616667
2025-02-17 10:59:00,9306.833333
2025-02-17 11:00:00,9234.333333
2025-02-17 11:01:00,9197.416667
2025-02-17 11:02:00,9008.733333
2025-02-17 11:03:00,8824.783333
2025-02-17 11:04:00,8692.5
2025-02-17 11:05:00,8618.6
2025-02-17 11:06:00,8567.033333
2025-02-17 11:07:00,8511.25
2025-02-17 11:08:00,8496.266667
2025-02-17 11:09:00,8483.6
2025-02-17 11:10:00,8492.066667
2025-02-17 11:11:00,8507.016667
2025-02-17 11:12:00,8499.516667
2025-02-17 11:13:00,8531.066667
2025-02-17 11:14:00,8555.916667
2025-02-17 11:15:00,8546.383333
2025-02-17 11:16:00,8615.033333
2025-02-17 11:17:00,8620.166667
2025-02-17 11:18:00,8609.283333
2025-02-17 11:19:00,8653.716667
2025-02-17 11:20:00,8680.4
2025-02-17 11:21:00,8699.566667
2025-02-17 11:22:00,8718.583333
2025-02-17 11:23:00,8733.166667
2025-02-17 11:24:00,8720.166667
2025-02-17 11:25:00,8778.25
2025-02-17 11:26:00,8777.8
2025-02-17 11:27:00,8825.133333
2025-02-17 11:28:00,8871.35
2025-02-17 11:29:00,8905.916667
2025-02-17 11:30:00,8951.283333
2025-02-17 11:31:00,8986.7
2025-02-17 11:32:00,9019.683333
2025-02-17 11:33:00,9039.133333
2025-02-17 11:34:00,9079.033333
2025-02-17 11:35:00,9115.783333
2025-02-17 11:36:00,9139.7
2025-02-17 11:37:00,9153.483333
2025-02-17 11:38:00,9221.75
2025-02-17 11:39:00,9253.466667
2025-02-17 11:40:00,9334.616667
2025-02-17 11:41:00,9385.533333
2025-02-17 11:42:00,9426.1
2025-02-17 11:43:00,9449.5
2025-02-17 11:44:00,9466.183333
2025-02-17 11:45:00,9499.75
2025-02-17 11:46:00,9563.2
2025-02-17 11:47:00,9629.783333
2025-02-17 11:48:00,9645.95
2025-02-17 11:49:00,9663.6
2025-02-17 11:50:00,9755.6
2025-02-17 11:51:00,9785.25
2025-02-17 11:52:00,9801.016667
2025-02-17 11:53:00,9853.316667
2025-02-17 11:54:00,9900.783333
2025-02-17 11:55:00,9928.566667
2025-02-17 11:56:00,9991.316667
2025-02-17 11:57:00,10035.18333
2025-02-17 11:58:00,10132.53333
2025-02-17 11:59:00,10140.3
2025-02-17 12:00:00,10216.21667
2025-02-17 12:01:00,10249.28333
2025-02-17 12:02:00,10264.96667
2025-02-17 12:03:00,10287.25
2025-02-17 12:04:00,10296.83333
2025-02-17 12:05:00,10334.1
2025-02-17 12:06:00,10337.03333
2025-02-17 12:07:00,10334.73333
2025-02-17 12:08:00,10386.78333
2025-02-17 12:09:00,10383.53333
2025-02-17 12:10:00,10402.06667
2025-02-17 12:11:00,10448.08333
2025-02-17 12:12:00,10469.11667
2025-02-17 12:13:00,10459.45
2025-02-17 12:14:00,10436.95
2025-02-17 12:15:00,10470.9
2025-02-17 12:16:00,10449.43333
2025-02-17 12:17:00,10458.21667
2025-02-17 12:18:00,10404.05
2025-02-17 12:19:00,10314.45
2025-02-17 12:20:00,10217.11667
2025-02-17 12:21:00,10070.51667
2025-02-17 12:22:00,9933.1
2025-02-17 12:23:00,9873.516667
2025-02-17 12:24:00,9826.15
2025-02-17 12:25:00,9806.183333
2025-02-17 12:26:00,9780.783333
2025-02-17 12:27:00,9769.45
2025-02-17 12:28:00,9804.866667
2025-02-17 12:29:00,9810.4
2025-02-17 12:30:00,9753.85
2025-02-17 12:31:00,9783.566667
2025-02-17 12:32:00,9768.616667
2025-02-17 12:33:00,9782.233333
2025-02-17 12:34:00,9778.066667
2025-02-17 12:35:00,9793.333333
2025-02-17 12:36:00,9794.683333
2025-02-17 12:37:00,9795.266667
2025-02-17 12:38:00,9790.45
2025-02-17 12:39:00,9789.833333
2025-02-17 12:40:00,9802.7
2025-02-17 12:41:00,9773.566667
2025-02-17 12:42:00,9766.1
2025-02-17 12:43:00,9777.95
2025-02-17 12:44:00,9734.85
2025-02-17 12:45:00,9725.566667
2025-02-17 12:46:00,9717.75
2025-02-17 12:47:00,9730.983333
2025-02-17 12:48:00,9720.516667
2025-02-17 12:49:00,9740.233333
2025-02-17 12:50:00,9729.133333
2025-02-17 12:51:00,9797.883333
2025-02-17 12:52:00,9817.933333
2025-02-17 12:53:00,9839.966667
2025-02-17 12:54:00,9880.816667
2025-02-17 12:55:00,9913.883333
2025-02-17 12:56:00,9944.566667
2025-02-17 12:57:00,9982.55
2025-02-17 12:58:00,10039.41667
2025-02-17 12:59:00,10099.68333
2025-02-17 13:00:00,10104.78333
2025-02-17 13:01:00,10142.88333
2025-02-17 13:02:00,10154.06667
2025-02-17 13:03:00,10142.45
2025-02-17 13:04:00,10173.11667
2025-02-17 13:05:00,10170.2
2025-02-17 13:06:00,10252.46667
2025-02-17 13:07:00,10240.51667
2025-02-17 13:08:00,10254.11667
2025-02-17 13:09:00,10303.66667
2025-02-17 13:10:00,10330.23333
2025-02-17 13:11:00,10351.76667
2025-02-17 13:12:00,10344.53333
2025-02-17 13:13:00,10399.16667
2025-02-17 13:14:00,10407.88333
2025-02-17 13:15:00,10471.68333
2025-02-17 13:16:00,10516.0
2025-02-17 13:17:00,10555.85
2025-02-17 13:18:00,10617.95
2025-02-17 13:19:00,10660.65
2025-02-17 13:20:00,10725.43333
2025-02-17 13:21:00,10764.38333
2025-02-17 13:22:00,10766.46667
2025-02-17 13:23:00,10775.45
2025-02-17 13:24:00,10750.53333
2025-02-17 13:25:00,10803.63333
2025-02-17 13:26:00,10789.1
2025-02-17 13:27:00,10804.4
2025-02-17 13:28:00,10776.31667
2025-02-17 13:29:00,10779.2
2025-02-17 13:30:00,10785.38333
2025-02-17 13:31:00,10725.1
2025-02-17 13:32:00,10661.16667
2025-02-17 13:33:00,10646.21667
2025-02-17 13:34:00,10590.86667
2025-02-17 13:35:00,10577.93333
2025-02-17 13:36:00,10495.73333
2025-02-17 13:37:00,10430.61667
2025-02-17 13:38:00,10312.41667
2025-02-17 13:39:00,10227.06667
2025-02-17 13:40:00,10093.71667
2025-02-17 13:41:00,10033.63333
2025-02-17 13:42:00,9911.133333
2025-02-17 13:43:00,9873.233333
2025-02-17 13:44:00,9803.633333
2025-02-17 13:45:00,9761.116667
2025-02-17 13:46:00,9718.05
2025-02-17 13:47:00,9678.35
2025-02-17 13:48:00,9679.95
2025-02-17 13:49:00,9681.516667
2025-02-17 13:50:00,9673.5
2025-02-17 13:51:00,9641.05
2025-02-17 13:52:00,9596.85
2025-02-17 13:53:00,9602.466667
2025-02-17 13:54:00,9608.4
2025-02-17 13:55:00,9574.6
2025-02-17 13:56:00,9537.25
2025-02-17 13:57:00,9540.6
2025-02-17 13:58:00,9523.033333
2025-02-17 13:59:00,9505.95
2025-02-17 14:00:00,9467.566667
2025-02-17 14:01:00,9426.316667
2025-02-17 14:02:00,9397.95
2025-02-17 14:03:00,9338.483333
2025-02-17 14:04:00,9329.3
2025-02-17 14:05:00,9325.516667
2025-02-17 14:06:00,9294.066667
2025-02-17 14:07:00,9294.666667
2025-02-17 14:08:00,9324.783333
2025-02-17 14:09:00,9304.65
2025-02-17 14:10:00,9296.35
2025-02-17 14:11:00,9285.316667
2025-02-17 14:12:00,9293.95
2025-02-17 14:13:00,9316.416667
2025-02-17 14:14:00,9291.033333
2025-02-17 14:15:00,9278.55
2025-02-17 14:16:00,9280.733333
2025-02-17 14:17:00,9301.1
2025-02-17 14:18:00,9280.65
2025-02-17 14:19:00,9260.416667
2025-02-17 14:20:00,9285.283333
2025-02-17 14:21:00,9303.283333
2025-02-17 14:22:00,9297.8
2025-02-17 14:23:00,9283.866667
2025-02-17 14:24:00,9318.716667
2025-02-17 14:25:00,9325.633333
2025-02-17 14:26:00,9316.133333
2025-02-17 14:27:00,9324.4
2025-02-17 14:28:00,9305.4
2025-02-17 14:29:00,9315.75
2025-02-17 14:30:00,9331.716667
2025-02-17 14:31:00,9334.666667
2025-02-17 14:32:00,9344.816667
2025-02-17 14:33:00,9333.116667
2025-02-17 14:34:00,9348.883333
2025-02-17 14:35:00,9329.466667
2025-02-17 14:36:00,9383.933333
2025-02-17 14:37:00,9361.75
2025-02-17 14:38:00,9375.916667
2025-02-17 14:39:00,9354.85
2025-02-17 14:40:00,9379.283333
2025-02-17 14:41:00,9372.466667
2025-02-17 14:42:00,9351.183333
2025-02-17 14:43:00,9339.0
2025-02-17 14:44:00,9282.933333
2025-02-17 14:45:00,9263.35
2025-02-17 14:46:00,9219.3
2025-02-17 14:47:00,9163.233333
2025-02-17 14:48:00,9064.233333
2025-02-17 14:49:00,8995.766667
2025-02-17 14:50:00,8925.283333
2025-02-17 14:51:00,8850.433333
2025-02-17 14:52:00,8798.416667
2025-02-17 14:53:00,8754.066667
2025-02-17 14:54:00,8740.45
2025-02-17 14:55:00,8697.2
2025-02-17 14:56:00,8643.85
2025-02-17 14:57:00,8586.766667
2025-02-17 14:58:00,8501.8
2025-02-17 14:59:00,8345.333333
2025-02-17 15:00:00,8242.35
2025-02-17 15:01:00,8143.133333
2025-02-17 15:02:00,7996.516667
2025-02-17 15:03:00,7928.5
2025-02-17 15:04:00,7829.85
2025-02-17 15:05:00,7772.066667
2025-02-17 15:06:00,7709.5
2025-02-17 15:07:00,7654.433333
2025-02-17 15:08:00,7593.033333
2025-02-17 15:09:00,7535.15
2025-02-17 15:10:00,7499.666667
2025-02-17 15:11:00,7456.566667
2025-02-17 15:12:00,7358.35
2025-02-17 15:13:00,7302.283333
2025-02-17 15:14:00,7263.483333
2025-02-17 15:15:00,7212.6
2025-02-17 15:16:00,7155.25
2025-02-17 15:17:00,7095.833333
2025-02-17 15:18:00,7033.866667
2025-02-17 15:19:00,7016.15
2025-02-17 15:20:00,6952.116667
2025-02-17 15:21:00,6899.833333
2025-02-17 15:22:00,6894.566667
2025-02-17 15:23:00,6869.266667
2025-02-17 15:24:00,6857.433333
2025-02-17 15:25:00,6806.816667
2025-02-17 15:26:00,6800.116667
2025-02-17 15:27:00,6758.9
2025-02-17 15:28:00,6732.816667
2025-02-17 15:29:00,6709.166667
2025-02-17 15:30:00,6693.383333
2025-02-17 15:31:00,6650.183333
2025-02-17 15:32:00,6651.05
2025-02-17 15:33:00,6615.916667
2025-02-17 15:34:00,6599.416667
2025-02-17 15:35:00,6560.433333
2025-02-17 15:36:00,6582.616667
2025-02-17 15:37:00,6522.866667
2025-02-17 15:38:00,6526.3
2025-02-17 15:39:00,6491.85
2025-02-17 15:40:00,6477.0
2025-02-17 15:41:00,6443.183333
2025-02-17 15:42:00,6390.583333
2025-02-17 15:43:00,6374.383333
2025-02-17 15:44:00,6324.283333
2025-02-17 15:45:00,6322.116667
2025-02-17 15:46:00,6338.033333
2025-02-17 15:47:00,6333.166667
2025-02-17 15:48:00,6345.166667
2025-02-17 15:49:00,6333.216667
2025-02-17 15:50:00,6352.066667
2025-02-17 15:51:00,6323.65
2025-02-17 15:52:00,6368.166667
2025-02-17 15:53:00,6375.433333
2025-02-17 15:54:00,6365.266667
2025-02-17 15:55:00,6364.316667
2025-02-17 15:56:00,6325.1
2025-02-17 15:57:00,6318.083333
2025-02-17 15:58:00,6293.883333
2025-02-17 15:59:00,6299.4
2025-02-17 16:00:00,6241.083333
2025-02-17 16:01:00,8443.283333
2025-02-17 16:02:00,10061.05
2025-02-17 16:03:00,9885.05
2025-02-17 16:04:00,9787.216667
2025-02-17 16:05:00,9677.983333
2025-02-17 16:06:00,9579.216667
2025-02-17 16:07:00,9501.666667
2025-02-17 16:08:00,9397.05
2025-02-17 16:09:00,9302.55
2025-02-17 16:10:00,9264.383333
2025-02-17 16:11:00,9239.4
2025-02-17 16:12:00,9155.483333
2025-02-17 16:13:00,9059.533333
2025-02-17 16:14:00,9005.15
2025-02-17 16:15:00,8974.05
2025-02-17 16:16:00,8922.033333
2025-02-17 16:17:00,8972.766667
2025-02-17 16:18:00,8982.55
2025-02-17 16:19:00,8978.083333
2025-02-17 16:20:00,8972.05
2025-02-17 16:21:00,8949.333333
2025-02-17 16:22:00,8842.683333
2025-02-17 16:23:00,8788.433333
2025-02-17 16:24:00,8708.983333
2025-02-17 16:25:00,8630.916667
2025-02-17 16:26:00,8544.433333
2025-02-17 16:27:00,8474.066667
2025-02-17 16:28:00,8406.816667
2025-02-17 16:29:00,8303.766667
2025-02-17 16:30:00,8234.55
2025-02-17 16:31:00,8158.566667
2025-02-17 16:32:00,8093.733333
2025-02-17 16:33:00,8053.433333
2025-02-17 16:34:00,8010.75
2025-02-17 16:35:00,8000.733333
2025-02-17 16:36:00,7955.65
2025-02-17 16:37:00,7952.083333
2025-02-17 16:38:00,7934.616667
2025-02-17 16:39:00,7901.1
2025-02-17 16:40:00,7884.733333
2025-02-17 16:41:00,7835.4
2025-02-17 16:42:00,7792.783333
2025-02-17 16:43:00,7757.283333
2025-02-17 16:44:00,7688.016667
2025-02-17 16:45:00,7632.466667
2025-02-17 16:46:00,7588.7
2025-02-17 16:47:00,7577.566667
2025-02-17 16:48:00,7532.716667
2025-02-17 16:49:00,7459.666667
2025-02-17 16:50:00,7411.7
2025-02-17 16:51:00,7321.516667
2025-02-17 16:52:00,7248.333333
2025-02-17 16:53:00,7162.85
2025-02-17 16:54:00,7072.316667
2025-02-17 16:55:00,6997.366667
2025-02-17 16:56:00,6913.166667
2025-02-17 16:57:00,6828.416667
2025-02-17 16:58:00,6762.883333
2025-02-17 16:59:00,6720.9
2025-02-17 17:00:00,6661.116667
2025-02-17 17:01:00,6578.15
2025-02-17 17:02:00,6496.083333
2025-02-17 17:03:00,6424.116667
2025-02-17 17:04:00,6361.966667
2025-02-17 17:05:00,6284.516667
2025-02-17 17:06:00,6239.1
2025-02-17 17:07:00,6179.366667
2025-02-17 17:08:00,6120.7
2025-02-17 17:09:00,6083.633333
2025-02-17 17:10:00,6019.1
2025-02-17 17:11:00,5972.233333
2025-02-17 17:12:00,5914.066667
2025-02-17 17:13:00,5888.666667
2025-02-17 17:14:00,5827.866667
2025-02-17 17:15:00,5793.466667
2025-02-17 17:16:00,5741.666667
2025-02-17 17:17:00,5675.216667
2025-02-17 17:18:00,5665.266667
2025-02-17 17:19:00,5620.416667
2025-02-17 17:20:00,5584.05
2025-02-17 17:21:00,5547.85
2025-02-17 17:22:00,5537.616667
2025-02-17 17:23:00,5484.716667
2025-02-17 17:24:00,5411.133333
2025-02-17 17:25:00,5402.233333
2025-02-17 17:26:00,5401.6
2025-02-17 17:27:00,5414.683333
2025-02-17 17:28:00,5434.75
2025-02-17 17:29:00,5421.916667
2025-02-17 17:30:00,5414.016667
2025-02-17 17:31:00,5404.233333
2025-02-17 17:32:00,5369.766667
2025-02-17 17:33:00,5337.166667
2025-02-17 17:34:00,5300.233333
2025-02-17 17:35:00,5266.966667
2025-02-17 17:36:00,5213.983333
2025-02-17 17:37:00,5169.983333
2025-02-17 17:38:00,5205.983333
2025-02-17 17:39:00,5184.416667
2025-02-17 17:40:00,5143.9
2025-02-17 17:41:00,5130.15
2025-02-17 17:42:00,5092.7
2025-02-17 17:43:00,5049.85
2025-02-17 17:44:00,4972.6
2025-02-17 17:45:00,4885.066667
2025-02-17 17:46:00,4835.4
2025-02-17 17:47:00,4793.883333
2025-02-17 17:48:00,4766.566667
2025-02-17 17:49:00,4734.35
2025-02-17 17:50:00,4707.366667
2025-02-17 17:51:00,4667.666667
2025-02-17 17:52:00,4601.75
2025-02-17 17:53:00,4553.666667
2025-02-17 17:54:00,4541.55
2025-02-17 17:55:00,4518.05
2025-02-17 17:56:00,4501.766667
2025-02-17 17:57:00,4450.183333
2025-02-17 17:58:00,4446.5
2025-02-17 17:59:00,4400.35
2025-02-17 18:00:00,4356.116667
2025-02-17 18:01:00,4311.666667
2025-02-17 18:02:00,4274.7
2025-02-17 18:03:00,4220.033333
2025-02-17 18:04:00,4210.783333
2025-02-17 18:05:00,4178.216667
2025-02-17 18:06:00,4166.633333
2025-02-17 18:07:00,4128.916667
2025-02-17 18:08:00,4146.116667
2025-02-17 18:09:00,4129.833333
2025-02-17 18:10:00,4097.05
2025-02-17 18:11:00,4074.783333
2025-02-17 18:12:00,4061.783333
2025-02-17 18:13:00,4031.883333
2025-02-17 18:14:00,4023.3
2025-02-17 18:15:00,4013.4
2025-02-17 18:16:00,3997.383333
2025-02-17 18:17:00,3994.116667
2025-02-17 18:18:00,4001.466667
2025-02-17 18:19:00,4014.716667
2025-02-17 18:20:00,3960.283333
2025-02-17 18:21:00,3935.333333
2025-02-17 18:22:00,3902.283333
2025-02-17 18:23:00,3924.616667
2025-02-17 18:24:00,3885.05
2025-02-17 18:25:00,3793.05
2025-02-17 18:26:00,3748.35
2025-02-17 18:27:00,3728.9
2025-02-17 18:28:00,3690.916667
2025-02-17 18:29:00,3664.683333
2025-02-17 18:30:00,3652.2
2025-02-17 18:31:00,3633.116667
2025-02-17 18:32:00,3599.383333
2025-02-17 18:33:00,3570.616667
2025-02-17 18:34:00,3527.616667
2025-02-17 18:35:00,3516.216667
2025-02-17 18:36:00,3517.266667
2025-02-17 18:37:00,3536.433333
2025-02-17 18:38:00,3506.85
2025-02-17 18:39:00,3520.566667
2025-02-17 18:40:00,3518.85
2025-02-17 18:41:00,3517.55
2025-02-17 18:42:00,3527.6
2025-02-17 18:43:00,3508.25
2025-02-17 18:44:00,3495.65
2025-02-17 18:45:00,3467.616667
2025-02-17 18:46:00,3452.466667
2025-02-17 18:47:00,3450.3
2025-02-17 18:48:00,3483.233333
2025-02-17 18:49:00,3470.25
2025-02-17 18:50:00,3432.85
2025-02-17 18:51:00,3412.033333
2025-02-17 18:52:00,3384.55
2025-02-17 18:53:00,3371.583333
2025-02-17 18:54:00,3334.1
2025-02-17 18:55:00,3327.316667
2025-02-17 18:56:00,3300.9
2025-02-17 18:57:00,3267.3
2025-02-17 18:58:00,3267.15
2025-02-17 18:59:00,3221.683333
2025-02-17 19:00:00,3206.2
2025-02-17 19:01:00,3179.683333
2025-02-17 19:02:00,3143.0
2025-02-17 19:03:00,3111.7
2025-02-17 19:04:00,3052.7
2025-02-17 19:05:00,3037.75
2025-02-17 19:06:00,3004.433333
2025-02-17 19:07:00,2975.05
2025-02-17 19:08:00,2973.066667
2025-02-17 19:09:00,2952.5
2025-02-17 19:10:00,2929.166667
2025-02-17 19:11:00,2928.916667
2025-02-17 19:12:00,2920.333333
2025-02-17 19:13:00,2944.9
2025-02-17 19:14:00,2933.216667
2025-02-17 19:15:00,2944.533333
2025-02-17 19:16:00,2944.633333
2025-02-17 19:17:00,2940.2
2025-02-17 19:18:00,2923.216667
2025-02-17 19:19:00,2917.066667
2025-02-17 19:20:00,2891.7
2025-02-17 19:21:00,2884.083333
2025-02-17 19:22:00,2868.566667
2025-02-17 19:23:00,2859.583333
2025-02-17 19:24:00,2833.4
2025-02-17 19:25:00,2822.05
2025-02-17 19:26:00,2802.35
2025-02-17 19:27:00,2780.883333
2025-02-17 19:28:00,2765.383333
2025-02-17 19:29:00,2771.3
2025-02-17 19:30:00,2740.616667
2025-02-17 19:31:00,2733.866667
2025-02-17 19:32:00,2722.116667
2025-02-17 19:33:00,2716.166667
2025-02-17 19:34:00,2701.05
2025-02-17 19:35:00,2706.3
2025-02-17 19:36:00,2708.133333
2025-02-17 19:37:00,2706.816667
2025-02-17 19:38:00,2711.433333
2025-02-17 19:39:00,2711.883333
2025-02-17 19:40:00,2725.0
2025-02-17 19:41:00,2720.416667
2025-02-17 19:42:00,2706.5
2025-02-17 19:43:00,2719.183333
2025-02-17 19:44:00,2728.85
2025-02-17 19:45:00,2733.8
2025-02-17 19:46:00,2717.966667
2025-02-17 19:47:00,2714.633333
2025-02-17 19:48:00,2700.483333
2025-02-17 19:49:00,2681.166667
2025-02-17 19:50:00,2676.45
2025-02-17 19:51:00,2667.583333
2025-02-17 19:52:00,2660.383333
2025-02-17 19:53:00,2651.6
2025-02-17 19:54:00,2640.65
2025-02-17 19:55:00,2616.55
2025-02-17 19:56:00,2626.516667
2025-02-17 19:57:00,2614.3
2025-02-17 19:58:00,2605.866667
2025-02-17 19:59:00,2601.6
2025-02-17 20:00:00,2596.616667
2025-02-17 20:01:00,2590.966667
2025-02-17 20:02:00,2597.766667
2025-02-17 20:03:00,2565.583333
2025-02-17 20:04:00,2546.55
2025-02-17 20:05:00,2529.95
2025-02-17 20:06:00,2526.783333
2025-02-17 20:07:00,2523.166667
2025-02-17 20:08:00,2508.6
2025-02-17 20:09:00,2500.866667
2025-02-17 20:10:00,2476.833333
2025-02-17 20:11:00,2479.783333
2025-02-17 20:12:00,2468.966667
2025-02-17 20:13:00,2465.416667
2025-02-17 20:14:00,2462.083333
2025-02-17 20:15:00,2454.333333
2025-02-17 20:16:00,2441.716667
2025-02-17 20:17:00,2448.233333
2025-02-17 20:18:00,2456.466667
2025-02-17 20:19:00,2459.516667
2025-02-17 20:20:00,2466.366667
2025-02-17 20:21:00,2465.15
2025-02-17 20:22:00,2459.45
2025-02-17 20:23:00,2456.883333
2025-02-17 20:24:00,2457.083333
2025-02-17 20:25:00,2459.366667
2025-02-17 20:26:00,2466.516667
2025-02-17 20:27:00,2448.55
2025-02-17 20:28:00,2448.4
2025-02-17 20:29:00,2456.066667
2025-02-17 20:30:00,2434.35
2025-02-17 20:31:00,2420.483333
2025-02-17 20:32:00,2411.45
2025-02-17 20:33:00,2382.333333
2025-02-17 20:34:00,2389.033333
2025-02-17 20:35:00,2385.516667
2025-02-17 20:36:00,2380.95
2025-02-17 20:37:00,2379.916667
2025-02-17 20:38:00,2369.15
2025-02-17 20:39:00,2377.516667
2025-02-17 20:40:00,2386.65
2025-02-17 20:41:00,2378.466667
2025-02-17 20:42:00,2386.3
2025-02-17 20:43:00,2382.4
2025-02-17 20:44:00,2407.483333
2025-02-17 20:45:00,2410.1
2025-02-17 20:46:00,2421.1
2025-02-17 20:47:00,2423.583333
2025-02-17 20:48:00,2448.65
2025-02-17 20:49:00,2456.35
2025-02-17 20:50:00,2473.4
2025-02-17 20:51:00,2491.833333
2025-02-17 20:52:00,2509.933333
2025-02-17 20:53:00,2507.45
2025-02-17 20:54:00,2523.733333
2025-02-17 20:55:00,2520.716667
2025-02-17 20:56:00,2526.0
2025-02-17 20:57:00,2523.866667
2025-02-17 20:58:00,2525.6
2025-02-17 20:59:00,2516.366667
2025-02-17 21:00:00,2501.7
2025-02-17 21:01:00,2509.466667
2025-02-17 21:02:00,2527.05
2025-02-17 21:03:00,2493.516667
2025-02-17 21:04:00,2480.45
2025-02-17 21:05:00,2483.816667
2025-02-17 21:06:00,2491.916667
2025-02-17 21:07:00,2485.85
2025-02-17 21:08:00,2498.55
2025-02-17 21:09:00,2509.833333
2025-02-17 21:10:00,2510.983333
2025-02-17 21:11:00,2519.466667
2025-02-17 21:12:00,2535.583333
2025-02-17 21:13:00,2528.933333
2025-02-17 21:14:00,2545.616667
2025-02-17 21:15:00,2561.733333
2025-02-17 21:16:00,2598.283333
2025-02-17 21:17:00,2614.8
2025-02-17 21:18:00,2624.483333
2025-02-17 21:19:00,2633.183333
2025-02-17 21:20:00,2649.366667
2025-02-17 21:21:00,2678.233333
2025-02-17 21:22:00,2715.15
2025-02-17 21:23:00,2710.75
2025-02-17 21:24:00,2714.033333
2025-02-17 21:25:00,2742.5
2025-02-17 21:26:00,2753.616667
2025-02-17 21:27:00,2778.85
2025-02-17 21:28:00,2754.3
2025-02-17 21:29:00,2752.0
2025-02-17 21:30:00,2746.65
2025-02-17 21:31:00,2799.216667
2025-02-17 21:32:00,2811.033333
2025-02-17 21:33:00,2805.983333
2025-02-17 21:34:00,2782.233333
2025-02-17 21:35:00,2802.233333
2025-02-17 21:36:00,2820.116667
2025-02-17 21:37:00,2837.116667
2025-02-17 21:38:00,2845.566667
2025-02-17 21:39:00,2852.35
2025-02-17 21:40:00,2873.983333
2025-02-17 21:41:00,2903.916667
2025-02-17 21:42:00,2938.816667
2025-02-17 21:43:00,2948.1
2025-02-17 21:44:00,2966.6
2025-02-17 21:45:00,3026.933333
2025-02-17 21:46:00,3045.533333
2025-02-17 21:47:00,3066.783333
2025-02-17 21:48:00,3089.1
2025-02-17 21:49:00,3118.366667
2025-02-17 21:50:00,3148.2
2025-02-17 21:51:00,3195.166667
2025-02-17 21:52:00,3225.666667
2025-02-17 21:53:00,3224.6
2025-02-17 21:54:00,3242.3
2025-02-17 21:55:00,3261.3
2025-02-17 21:56:00,3334.583333
2025-02-17 21:57:00,3356.116667
2025-02-17 21:58:00,3364.333333
2025-02-17 21:59:00,3375.266667
2025-02-17 22:00:00,3385.216667
2025-02-17 22:01:00,3530.2
2025-02-17 22:02:00,3579.716667
2025-02-17 22:03:00,3508.75
2025-02-17 22:04:00,3520.716667
2025-02-17 22:05:00,3531.233333
2025-02-17 22:06:00,3574.05
2025-02-17 22:07:00,3611.133333
2025-02-17 22:08:00,3614.966667
2025-02-17 22:09:00,3636.583333
2025-02-17 22:10:00,3663.416667
2025-02-17 22:11:00,3721.216667
2025-02-17 22:12:00,3766.966667
2025-02-17 22:13:00,3766.183333
2025-02-17 22:14:00,3776.366667
2025-02-17 22:15:00,3812.616667
2025-02-17 22:16:00,3856.0
2025-02-17 22:17:00,3881.116667
2025-02-17 22:18:00,3895.166667
2025-02-17 22:19:00,3914.033333
2025-02-17 22:20:00,3966.5
2025-02-17 22:21:00,4047.5
2025-02-17 22:22:00,4116.916667
2025-02-17 22:23:00,4101.8
2025-02-17 22:24:00,4145.016667
2025-02-17 22:25:00,4183.516667
2025-02-17 22:26:00,4233.3
2025-02-17 22:27:00,4260.116667
2025-02-17 22:28:00,4257.8
2025-02-17 22:29:00,4288.783333
2025-02-17 22:30:00,4299.566667
2025-02-17 22:31:00,4408.016667
2025-02-17 22:32:00,4457.8
2025-02-17 22:33:00,4416.016667
2025-02-17 22:34:00,4437.8
2025-02-17 22:35:00,4463.266667
2025-02-17 22:36:00,4519.633333
2025-02-17 22:37:00,4555.55
2025-02-17 22:38:00,4569.0
2025-02-17 22:39:00,4556.45
2025-02-17 22:40:00,4563.916667
2025-02-17 22:41:00,4653.916667
2025-02-17 22:42:00,4666.616667
2025-02-17 22:43:00,4663.75
2025-02-17 22:44:00,4665.883333
2025-02-17 22:45:00,4698.366667
2025-02-17 22:46:00,4730.216667
2025-02-17 22:47:00,4759.466667
2025-02-17 22:48:00,4776.116667
2025-02-17 22:49:00,4803.733333
2025-02-17 22:50:00,4843.616667
2025-02-17 22:51:00,4937.233333
2025-02-17 22:52:00,4977.833333
2025-02-17 22:53:00,4968.383333
2025-02-17 22:54:00,4983.133333
2025-02-17 22:55:00,4996.35
2025-02-17 22:56:00,5003.433333
2025-02-17 22:57:00,5024.433333
2025-02-17 22:58:00,5042.083333
2025-02-17 22:59:00,5030.2
2025-02-17 23:00:00,5078.466667
2025-02-17 23:01:00,5199.966667
2025-02-17 23:02:00,5237.683333
2025-02-17 23:03:00,5155.566667
2025-02-17 23:04:00,5136.916667
2025-02-17 23:05:00,5135.15
2025-02-17 23:06:00,5141.25
2025-02-17 23:07:00,5149.766667
2025-02-17 23:08:00,5139.9
2025-02-17 23:09:00,5151.083333
2025-02-17 23:10:00,5144.35
2025-02-17 23:11:00,5189.133333
2025-02-17 23:12:00,5190.35
2025-02-17 23:13:00,5179.0
2025-02-17 23:14:00,5196.133333
2025-02-17 23:15:00,5220.166667
2025-02-17 23:16:00,5252.433333
2025-02-17 23:17:00,5260.683333
2025-02-17 23:18:00,5268.833333
2025-02-17 23:19:00,5265.916667
2025-02-17 23:20:00,5260.2
2025-02-17 23:21:00,5300.083333
2025-02-17 23:22:00,5296.9
2025-02-17 23:23:00,5297.1
2025-02-17 23:24:00,5296.3
2025-02-17 23:25:00,5265.916667
2025-02-17 23:26:00,5251.25
2025-02-17 23:27:00,5257.333333
2025-02-17 23:28:00,5206.9
2025-02-17 23:29:00,5216.216667
2025-02-17 23:30:00,5222.883333
2025-02-17 23:31:00,5235.55
2025-02-17 23:32:00,5229.833333
2025-02-17 23:33:00,5172.333333
2025-02-17 23:34:00,5151.766667
2025-02-17 23:35:00,5142.3
2025-02-17 23:36:00,5162.683333
2025-02-17 23:37:00,5153.8
2025-02-17 23:38:00,5163.583333
2025-02-17 23:39:00,5146.983333
2025-02-17 23:40:00,5152.5
2025-02-17 23:41:00,5167.7
2025-02-17 23:42:00,5187.016667
2025-02-17 23:43:00,5195.6
2025-02-17 23:44:00,5202.683333
2025-02-17 23:45:00,5215.883333
2025-02-17 23:46:00,5238.1
2025-02-17 23:47:00,5250.283333
2025-02-17 23:48:00,5276.4
2025-02-17 23:49:00,5292.566667
2025-02-17 23:50:00,5296.733333
2025-02-17 23:51:00,5297.183333
2025-02-17 23:52:00,5270.533333
2025-02-17 23:53:00,5283.933333
2025-02-17 23:54:00,5273.85
2025-02-17 23:55:00,5264.65
2025-02-17 23:56:00,5211.716667
2025-02-17 23:57:00,5202.1
2025-02-17 23:58:00,5179.216667
2025-02-17 23:59:00,5154.916667
2025-02-18 00:00:00,5125.45
2025-02-18 00:01:00,5127.533333
2025-02-18 00:02:00,5093.983333
2025-02-18 00:03:00,5007.1
2025-02-18 00:04:00,5006.333333
2025-02-18 00:05:00,5019.55
2025-02-18 00:06:00,5087.116667
2025-02-18 00:07:00,5110.5
2025-02-18 00:08:00,5144.4
2025-02-18 00:09:00,5153.766667
2025-02-18 00:10:00,5179.516667
2025-02-18 00:11:00,5213.783333
2025-02-18 00:12:00,5216.6
2025-02-18 00:13:00,5228.883333
2025-02-18 00:14:00,5243.7
2025-02-18 00:15:00,5254.916667
2025-02-18 00:16:00,5273.883333
2025-02-18 00:17:00,5243.133333
2025-02-18 00:18:00,5246.85
2025-02-18 00:19:00,5243.783333
2025-02-18 00:20:00,5225.0
2025-02-18 00:21:00,5189.983333
2025-02-18 00:22:00,5173.133333
2025-02-18 00:23:00,5155.3
2025-02-18 00:24:00,5127.1
2025-02-18 00:25:00,5113.716667
2025-02-18 00:26:00,5097.083333
2025-02-18 00:27:00,5068.783333
2025-02-18 00:28:00,5020.15
2025-02-18 00:29:00,5027.35
2025-02-18 00:30:00,5033.45
2025-02-18 00:31:00,5053.15
2025-02-18 00:32:00,5050.183333
2025-02-18 00:33:00,5040.633333
2025-02-18 00:34:00,5043.8
2025-02-18 00:35:00,5064.966667
2025-02-18 00:36:00,5081.966667
2025-02-18 00:37:00,5134.016667
2025-02-18 00:38:00,5164.416667
2025-02-18 00:39:00,5162.866667
2025-02-18 00:40:00,5172.916667
2025-02-18 00:41:00,5206.533333
2025-02-18 00:42:00,5230.1
2025-02-18 00:43:00,5228.566667
2025-02-18 00:44:00,5219.45
2025-02-18 00:45:00,5190.366667
2025-02-18 00:46:00,5224.216667
2025-02-18 00:47:00,5202.566667
2025-02-18 00:48:00,5187.283333
2025-02-18 00:49:00,5206.266667
2025-02-18 00:50:00,5204.883333
2025-02-18 00:51:00,5206.266667
2025-02-18 00:52:00,5206.45
2025-02-18 00:53:00,5192.95
2025-02-18 00:54:00,5190.95
2025-02-18 00:55:00,5165.283333
2025-02-18 00:56:00,5176.65
2025-02-18 00:57:00,5187.683333
2025-02-18 00:58:00,5197.433333
2025-02-18 00:59:00,5226.166667
2025-02-18 01:00:00,5225.7
2025-02-18 01:01:00,5240.366667
2025-02-18 01:02:00,5233.816667
2025-02-18 01:03:00,5245.733333
2025-02-18 01:04:00,5256.616667
2025-02-18 01:05:00,5259.35
2025-02-18 01:06:00,5282.616667
2025-02-18 01:07:00,5302.916667
2025-02-18 01:08:00,5305.183333
2025-02-18 01:09:00,5300.283333
2025-02-18 01:10:00,5317.95
2025-02-18 01:11:00,5374.383333
2025-02-18 01:12:00,5397.266667
2025-02-18 01:13:00,5392.55
2025-02-18 01:14:00,5416.25
2025-02-18 01:15:00,5423.033333
2025-02-18 01:16:00,5454.6
2025-02-18 01:17:00,5416.666667
2025-02-18 01:18:00,5405.8
2025-02-18 01:19:00,5404.9
2025-02-18 01:20:00,5374.433333
2025-02-18 01:21:00,5377.816667
2025-02-18 01:22:00,5366.216667
2025-02-18 01:23:00,5361.433333
2025-02-18 01:24:00,5369.0
2025-02-18 01:25:00,5368.233333
2025-02-18 01:26:00,5398.783333
2025-02-18 01:27:00,5413.383333
2025-02-18 01:28:00,5437.516667
2025-02-18 01:29:00,5450.95
2025-02-18 01:30:00,5459.2
2025-02-18 01:31:00,5471.533333
2025-02-18 01:32:00,5487.816667
2025-02-18 01:33:00,5469.9
2025-02-18 01:34:00,5497.566667
2025-02-18 01:35:00,5472.333333
2025-02-18 01:36:00,5505.633333
2025-02-18 01:37:00,5491.383333
2025-02-18 01:38:00,5487.333333
2025-02-18 01:39:00,5497.316667
2025-02-18 01:40:00,5483.35
2025-02-18 01:41:00,5495.65
2025-02-18 01:42:00,5510.466667
2025-02-18 01:43:00,5480.366667
2025-02-18 01:44:00,5524.866667
2025-02-18 01:45:00,5498.966667
2025-02-18 01:46:00,5514.9
2025-02-18 01:47:00,5491.266667
2025-02-18 01:48:00,5492.766667
2025-02-18 01:49:00,5516.566667
2025-02-18 01:50:00,5533.75
2025-02-18 01:51:00,5571.566667
2025-02-18 01:52:00,5618.183333
2025-02-18 01:53:00,5644.666667
2025-02-18 01:54:00,5660.0
2025-02-18 01:55:00,5698.566667
2025-02-18 01:56:00,5729.25
2025-02-18 01:57:00,5762.3
2025-02-18 01:58:00,5767.5
2025-02-18 01:59:00,5820.85
2025-02-18 02:00:00,5843.5
2025-02-18 02:01:00,4880.766667
2025-02-18 02:02:00,4059.2
2025-02-18 02:03:00,3996.3
2025-02-18 02:04:00,3959.683333
2025-02-18 02:05:00,3927.583333
2025-02-18 02:06:00,3897.266667
2025-02-18 02:07:00,3868.716667
2025-02-18 02:08:00,3865.95
2025-02-18 02:09:00,3828.516667
2025-02-18 02:10:00,3804.3
2025-02-18 02:11:00,3781.783333
2025-02-18 02:12:00,3741.683333
2025-02-18 02:13:00,3715.766667
2025-02-18 02:14:00,3712.1
2025-02-18 02:15:00,3707.183333
2025-02-18 02:16:00,3695.316667
2025-02-18 02:17:00,3680.766667
2025-02-18 02:18:00,3678.433333
2025-02-18 02:19:00,3630.533333
2025-02-18 02:20:00,3602.45
2025-02-18 02:21:00,3581.283333
2025-02-18 02:22:00,3566.716667
2025-02-18 02:23:00,3549.683333
2025-02-18 02:24:00,3547.266667
2025-02-18 02:25:00,3549.233333
2025-02-18 02:26:00,3531.116667
2025-02-18 02:27:00,3544.866667
2025-02-18 02:28:00,3516.183333
2025-02-18 02:29:00,3544.133333
2025-02-18 02:30:00,3533.366667
2025-02-18 02:31:00,3537.633333
2025-02-18 02:32:00,3531.983333
2025-02-18 02:33:00,3521.216667
2025-02-18 02:34:00,3523.966667
2025-02-18 02:35:00,3517.75
2025-02-18 02:36:00,3511.433333
2025-02-18 02:37:00,3514.033333
2025-02-18 02:38:00,3524.8
2025-02-18 02:39:00,3523.933333
2025-02-18 02:40:00,3526.833333
2025-02-18 02:41:00,3534.85
2025-02-18 02:42:00,3550.75
2025-02-18 02:43:00,3563.116667
2025-02-18 02:44:00,3579.65
2025-02-18 02:45:00,3589.866667
2025-02-18 02:46:00,3609.75
2025-02-18 02:47:00,3643.116667
2025-02-18 02:48:00,3664.8
2025-02-18 02:49:00,3685.283333
2025-02-18 02:50:00,3694.85
2025-02-18 02:51:00,3713.2
2025-02-18 02:52:00,3720.283333
2025-02-18 02:53:00,3711.683333
2025-02-18 02:54:00,3730.35
2025-02-18 02:55:00,3720.283333
2025-02-18 02:56:00,3728.1
2025-02-18 02:57:00,3737.416667
2025-02-18 02:58:00,3756.8
2025-02-18 02:59:00,3761.666667
2025-02-18 03:00:00,3779.016667
2025-02-18 03:01:00,3791.416667
2025-02-18 03:02:00,3801.433333
2025-02-18 03:03:00,3815.2
2025-02-18 03:04:00,3820.366667
2025-02-18 03:05:00,3807.35
2025-02-18 03:06:00,3827.883333
2025-02-18 03:07:00,3836.716667
2025-02-18 03:08:00,3880.0
2025-02-18 03:09:00,3921.45
2025-02-18 03:10:00,3924.516667
2025-02-18 03:11:00,3971.7
2025-02-18 03:12:00,3976.166667
2025-02-18 03:13:00,4013.866667
2025-02-18 03:14:00,4053.1
2025-02-18 03:15:00,4063.3
2025-02-18 03:16:00,4102.033333
2025-02-18 03:17:00,4080.233333
2025-02-18 03:18:00,4097.85
2025-02-18 03:19:00,4092.183333
2025-02-18 03:20:00,4101.833333
2025-02-18 03:21:00,4102.883333
2025-02-18 03:22:00,4113.733333
2025-02-18 03:23:00,4090.766667
2025-02-18 03:24:00,4104.883333
2025-02-18 03:25:00,4119.35
2025-02-18 03:26:00,4113.366667
2025-02-18 03:27:00,4111.266667
2025-02-18 03:28:00,4137.116667
2025-02-18 03:29:00,4135.1
2025-02-18 03:30:00,4148.933333
2025-02-18 03:31:00,4163.933333
2025-02-18 03:32:00,4188.666667
2025-02-18 03:33:00,4219.9
2025-02-18 03:34:00,4222.433333
2025-02-18 03:35:00,4248.966667
2025-02-18 03:36:00,4285.683333
2025-02-18 03:37:00,4326.283333
2025-02-18 03:38:00,4344.433333
2025-02-18 03:39:00,4369.2
2025-02-18 03:40:00,4362.083333
2025-02-18 03:41:00,4357.55
2025-02-18 03:42:00,4366.883333
2025-02-18 03:43:00,4364.433333
2025-02-18 03:44:00,4391.016667
2025-02-18 03:45:00,4410.283333
2025-02-18 03:46:00,4408.533333
2025-02-18 03:47:00,4448.066667
2025-02-18 03:48:00,4456.733333
2025-02-18 03:49:00,4453.2
2025-02-18 03:50:00,4483.1
2025-02-18 03:51:00,4480.633333
2025-02-18 03:52:00,4469.8
2025-02-18 03:53:00,4479.5
2025-02-18 03:54:00,4424.783333
2025-02-18 03:55:00,4392.9
2025-02-18 03:56:00,4395.116667
2025-02-18 03:57:00,4396.033333
2025-02-18 03:58:00,4405.833333
2025-02-18 03:59:00,4426.85
2025-02-18 04:00:00,4412.65
2025-02-18 04:01:00,4445.333333
2025-02-18 04:02:00,4474.9
2025-02-18 04:03:00,4489.983333
2025-02-18 04:04:00,4517.816667
2025-02-18 04:05:00,4562.616667
2025-02-18 04:06:00,4613.833333
2025-02-18 04:07:00,4667.616667
2025-02-18 04:08:00,4711.133333
2025-02-18 04:09:00,4768.066667
2025-02-18 04:10:00,4842.8
2025-02-18 04:11:00,4898.283333
2025-02-18 04:12:00,4940.266667
2025-02-18 04:13:00,4978.116667
2025-02-18 04:14:00,5030.016667
2025-02-18 04:15:00,5073.45
2025-02-18 04:16:00,5078.466667
2025-02-18 04:17:00,5128.65
2025-02-18 04:18:00,5134.933333
2025-02-18 04:19:00,5171.4
2025-02-18 04:20:00,5204.333333
2025-02-18 04:21:00,5238.1
2025-02-18 04:22:00,5280.85
2025-02-18 04:23:00,5299.0
2025-02-18 04:24:00,5326.683333
2025-02-18 04:25:00,5392.916667
2025-02-18 04:26:00,5397.083333
2025-02-18 04:27:00,5433.133333
2025-02-18 04:28:00,5459.566667
2025-02-18 04:29:00,5485.55
2025-02-18 04:30:00,5502.066667
2025-02-18 04:31:00,5534.966667
2025-02-18 04:32:00,5528.3
2025-02-18 04:33:00,5549.466667
2025-02-18 04:34:00,5558.316667
2025-02-18 04:35:00,5558.816667
2025-02-18 04:36:00,5589.216667
2025-02-18 04:37:00,5603.9
2025-02-18 04:38:00,5625.883333
2025-02-18 04:39:00,5636.866667
2025-02-18 04:40:00,5656.683333
2025-02-18 04:41:00,5663.083333
2025-02-18 04:42:00,5657.183333
2025-02-18 04:43:00,5655.25
2025-02-18 04:44:00,5672.65
2025-02-18 04:45:00,5677.3
2025-02-18 04:46:00,5666.766667
2025-02-18 04:47:00,5669.883333
2025-02-18 04:48:00,5677.1
2025-02-18 04:49:00,5660.333333
2025-02-18 04:50:00,5621.666667
2025-02-18 04:51:00,5592.783333
2025-02-18 04:52:00,5560.166667
2025-02-18 04:53:00,5527.266667
2025-02-18 04:54:00,5535.633333
2025-02-18 04:55:00,5513.7
2025-02-18 04:56:00,5529.75
2025-02-18 04:57:00,5549.25
2025-02-18 04:58:00,5554.116667
2025-02-18 04:59:00,5553.483333
2025-02-18 05:00:00,5529.983333
2025-02-18 05:01:00,5562.983333
2025-02-18 05:02:00,5514.7
2025-02-18 05:03:00,5466.766667
2025-02-18 05:04:00,5436.65
2025-02-18 05:05:00,5428.733333
2025-02-18 05:06:00,5424.016667
2025-02-18 05:07:00,5411.3
2025-02-18 05:08:00,5396.2
2025-02-18 05:09:00,5366.466667
2025-02-18 05:10:00,5366.75
2025-02-18 05:11:00,5365.316667
2025-02-18 05:12:00,5349.25
2025-02-18 05:13:00,5332.566667
2025-02-18 05:14:00,5353.783333
2025-02-18 05:15:00,5352.616667
2025-02-18 05:16:00,5327.716667
2025-02-18 05:17:00,5350.75
2025-02-18 05:18:00,5367.65
2025-02-18 05:19:00,5366.333333
2025-02-18 05:20:00,5365.733333
2025-02-18 05:21:00,5363.616667
2025-02-18 05:22:00,5368.15
2025-02-18 05:23:00,5407.6
2025-02-18 05:24:00,5415.866667
2025-02-18 05:25:00,5422.85
2025-02-18 05:26:00,5429.9
2025-02-18 05:27:00,5442.566667
2025-02-18 05:28:00,5421.733333
2025-02-18 05:29:00,5476.5
2025-02-18 05:30:00,5476.366667
2025-02-18 05:31:00,5480.95
2025-02-18 05:32:00,5474.116667
2025-02-18 05:33:00,5441.35
2025-02-18 05:34:00,5437.316667
2025-02-18 05:35:00,5458.466667
2025-02-18 05:36:00,5471.066667
2025-02-18 05:37:00,5496.9
2025-02-18 05:38:00,5484.95
2025-02-18 05:39:00,5504.616667
2025-02-18 05:40:00,5507.25
2025-02-18 05:41:00,5516.8
2025-02-18 05:42:00,5522.55
2025-02-18 05:43:00,5553.133333
2025-02-18 05:44:00,5535.266667
2025-02-18 05:45:00,5538.916667
2025-02-18 05:46:00,5502.766667
2025-02-18 05:47:00,5529.35
2025-02-18 05:48:00,5547.05
2025-02-18 05:49:00,5556.15
2025-02-18 05:50:00,5552.0
2025-02-18 05:51:00,5556.333333
2025-02-18 05:52:00,5581.0
2025-02-18 05:53:00,5587.883333
2025-02-18 05:54:00,5596.233333
2025-02-18 05:55:00,5595.366667
2025-02-18 05:56:00,5590.533333
2025-02-18 05:57:00,5598.083333
2025-02-18 05:58:00,5583.816667
2025-02-18 05:59:00,5565.7
2025-02-18 06:00:00,5479.05
2025-02-18 06:01:00,5449.916667
2025-02-18 06:02:00,5388.583333
2025-02-18 06:03:00,5328.05
2025-02-18 06:04:00,5300.75
2025-02-18 06:05:00,5266.716667
2025-02-18 06:06:00,5261.85
2025-02-18 06:07:00,5251.216667
2025-02-18 06:08:00,5255.133333
2025-02-18 06:09:00,5230.083333
2025-02-18 06:10:00,5230.65
2025-02-18 06:11:00,5207.933333
2025-02-18 06:12:00,5187.716667
2025-02-18 06:13:00,5168.75
2025-02-18 06:14:00,5152.433333
2025-02-18 06:15:00,5145.8
2025-02-18 06:16:00,5194.166667
2025-02-18 06:17:00,5182.7
2025-02-18 06:18:00,5181.5
2025-02-18 06:19:00,5196.016667
2025-02-18 06:20:00,5201.683333
2025-02-18 06:21:00,5233.566667
2025-02-18 06:22:00,5202.883333
2025-02-18 06:23:00,5188.616667
2025-02-18 06:24:00,5196.433333
2025-02-18 06:25:00,5207.466667
2025-02-18 06:26:00,5217.066667
2025-02-18 06:27:00,5238.116667
2025-02-18 06:28:00,5230.166667
2025-02-18 06:29:00,5254.216667
2025-02-18 06:30:00,5263.65
2025-02-18 06:31:00,5250.666667
2025-02-18 06:32:00,5224.8
2025-02-18 06:33:00,5231.366667
2025-02-18 06:34:00,5226.716667
2025-02-18 06:35:00,5247.65
2025-02-18 06:36:00,5256.15
2025-02-18 06:37:00,5290.533333
2025-02-18 06:38:00,5319.9
2025-02-18 06:39:00,5346.483333
2025-02-18 06:40:00,5369.466667
2025-02-18 06:41:00,5385.8
2025-02-18 06:42:00,5405.95
2025-02-18 06:43:00,5425.8
2025-02-18 06:44:00,5463.1
2025-02-18 06:45:00,5497.65
2025-02-18 06:46:00,5533.666667
2025-02-18 06:47:00,5544.9
2025-02-18 06:48:00,5557.133333
2025-02-18 06:49:00,5583.25
2025-02-18 06:50:00,5608.433333
2025-02-18 06:51:00,5612.033333
2025-02-18 06:52:00,5641.95
2025-02-18 06:53:00,5633.75
2025-02-18 06:54:00,5665.533333
2025-02-18 06:55:00,5656.65
2025-02-18 06:56:00,5676.216667
2025-02-18 06:57:00,5665.65
2025-02-18 06:58:00,5692.65
2025-02-18 06:59:00,5714.8
2025-02-18 07:00:00,5742.116667
2025-02-18 07:01:00,5718.566667
2025-02-18 07:02:00,5759.416667
2025-02-18 07:03:00,5769.033333
2025-02-18 07:04:00,5791.783333
2025-02-18 07:05:00,5795.233333
2025-02-18 07:06:00,5799.033333
2025-02-18 07:07:00,5820.766667
2025-02-18 07:08:00,5850.283333
2025-02-18 07:09:00,5857.033333
2025-02-18 07:10:00,5874.633333
2025-02-18 07:11:00,5869.916667
2025-02-18 07:12:00,5804.4
2025-02-18 07:13:00,5779.3
2025-02-18 07:14:00,5713.2
2025-02-18 07:15:00,5665.3
2025-02-18 07:16:00,5649.233333
2025-02-18 07:17:00,5638.533333
2025-02-18 07:18:00,5649.233333
2025-02-18 07:19:00,5615.583333
2025-02-18 07:20:00,5581.383333
2025-02-18 07:21:00,5575.166667
2025-02-18 07:22:00,5551.016667
2025-02-18 07:23:00,5564.666667
2025-02-18 07:24:00,5561.283333
2025-02-18 07:25:00,5573.55
2025-02-18 07:26:00,5576.2
2025-02-18 07:27:00,5581.95
2025-02-18 07:28:00,5571.783333
2025-02-18 07:29:00,5576.916667
2025-02-18 07:30:00,5611.333333
2025-02-18 07:31:00,5627.1
2025-02-18 07:32:00,5622.066667
2025-02-18 07:33:00,5658.0
2025-02-18 07:34:00,5652.483333
2025-02-18 07:35:00,5697.616667
2025-02-18 07:36:00,5728.533333
2025-02-18 07:37:00,5759.033333
2025-02-18 07:38:00,5766.483333
2025-02-18 07:39:00,5789.55
2025-02-18 07:40:00,5831.866667
2025-02-18 07:41:00,5839.483333
2025-02-18 07:42:00,5839.25
2025-02-18 07:43:00,5867.566667
2025-02-18 07:44:00,5880.983333
2025-02-18 07:45:00,5887.883333
2025-02-18 07:46:00,5931.983333
2025-02-18 07:47:00,5930.533333
2025-02-18 07:48:00,5952.033333
2025-02-18 07:49:00,5953.85
2025-02-18 07:50:00,5954.15
2025-02-18 07:51:00,5977.95
2025-02-18 07:52:00,6021.4
2025-02-18 07:53:00,6040.866667
2025-02-18 07:54:00,6059.9
2025-02-18 07:55:00,6075.416667
2025-02-18 07:56:00,6114.216667
2025-02-18 07:57:00,6153.683333
2025-02-18 07:58:00,6176.266667
2025-02-18 07:59:00,6226.633333
2025-02-18 08:00:00,6256.966667
2025-02-18 08:01:00,6293.983333
2025-02-18 08:02:00,6321.4
2025-02-18 08:03:00,6320.05
2025-02-18 08:04:00,6361.65
2025-02-18 08:05:00,6428.3
2025-02-18 08:06:00,6441.1
2025-02-18 08:07:00,6440.816667
2025-02-18 08:08:00,6491.533333
2025-02-18 08:09:00,6502.083333
2025-02-18 08:10:00,6516.2
2025-02-18 08:11:00,6499.816667
2025-02-18 08:12:00,6516.366667
2025-02-18 08:13:00,6481.95
2025-02-18 08:14:00,6509.416667
2025-02-18 08:15:00,6495.15
2025-02-18 08:16:00,6522.45
2025-02-18 08:17:00,6519.0
2025-02-18 08:18:00,6520.883333
2025-02-18 08:19:00,6521.733333
2025-02-18 08:20:00,6563.733333
2025-02-18 08:21:00,6582.433333
2025-02-18 08:22:00,6598.366667
2025-02-18 08:23:00,6627.833333
2025-02-18 08:24:00,6573.966667
2025-02-18 08:25:00,6533.616667
2025-02-18 08:26:00,6498.983333
2025-02-18 08:27:00,6464.15
2025-02-18 08:28:00,6416.066667
2025-02-18 08:29:00,6438.433333
2025-02-18 08:30:00,6413.783333
2025-02-18 08:31:00,6390.183333
2025-02-18 08:32:00,6377.433333
2025-02-18 08:33:00,6370.3
2025-02-18 08:34:00,6364.233333
2025-02-18 08:35:00,6340.183333
2025-02-18 08:36:00,6359.166667
2025-02-18 08:37:00,6347.25
2025-02-18 08:38:00,6352.366667
2025-02-18 08:39:00,6360.2
2025-02-18 08:40:00,6364.666667
2025-02-18 08:41:00,6381.066667
2025-02-18 08:42:00,6388.616667
2025-02-18 08:43:00,6387.116667
2025-02-18 08:44:00,6381.583333
2025-02-18 08:45:00,6402.066667
2025-02-18 08:46:00,6415.55
2025-02-18 08:47:00,6400.716667
2025-02-18 08:48:00,6471.183333
2025-02-18 08:49:00,6520.933333
2025-02-18 08:50:00,6595.683333
2025-02-18 08:51:00,6615.75
2025-02-18 08:52:00,6664.7
2025-02-18 08:53:00,6710.0
2025-02-18 08:54:00,6724.166667
2025-02-18 08:55:00,6785.633333
2025-02-18 08:56:00,6797.95
2025-02-18 08:57:00,6854.583333
2025-02-18 08:58:00,6860.683333
2025-02-18 08:59:00,6891.216667
2025-02-18 09:00:00,6929.716667
2025-02-18 09:01:00,6930.1
2025-02-18 09:02:00,6905.316667
2025-02-18 09:03:00,6924.3
2025-02-18 09:04:00,6928.533333
2025-02-18 09:05:00,6927.15
2025-02-18 09:06:00,6949.0
2025-02-18 09:07:00,6963.766667
2025-02-18 09:08:00,6989.683333
2025-02-18 09:09:00,6996.116667
2025-02-18 09:10:00,7044.616667
2025-02-18 09:11:00,7077.516667
2025-02-18 09:12:00,7126.0
2025-02-18 09:13:00,7172.733333
2025-02-18 09:14:00,7218.5
2025-02-18 09:15:00,7265.85
2025-02-18 09:16:00,7346.9
2025-02-18 09:17:00,7376.716667
2025-02-18 09:18:00,7420.116667
2025-02-18 09:19:00,7439.533333
2025-02-18 09:20:00,7499.05
2025-02-18 09:21:00,7586.733333
2025-02-18 09:22:00,7618.233333
2025-02-18 09:23:00,7642.116667
2025-02-18 09:24:00,7644.866667
2025-02-18 09:25:00,7671.95
2025-02-18 09:26:00,7651.1
2025-02-18 09:27:00,7637.316667
2025-02-18 09:28:00,7598.516667
2025-02-18 09:29:00,7597.933333
2025-02-18 09:30:00,7601.516667
2025-02-18 09:31:00,7578.283333
2025-02-18 09:32:00,7516.366667
2025-02-18 09:33:00,7514.383333
2025-02-18 09:34:00,7468.4
2025-02-18 09:35:00,7493.016667
2025-02-18 09:36:00,7491.116667
2025-02-18 09:37:00,7532.383333
2025-02-18 09:38:00,7496.016667
2025-02-18 09:39:00,7476.916667
2025-02-18 09:40:00,7428.4
2025-02-18 09:41:00,7398.966667
2025-02-18 09:42:00,7372.7
2025-02-18 09:43:00,7373.333333
2025-02-18 09:44:00,7352.25
2025-02-18 09:45:00,7321.383333
2025-02-18 09:46:00,7353.333333
2025-02-18 09:47:00,7357.166667
2025-02-18 09:48:00,7370.433333
2025-02-18 09:49:00,7379.033333
2025-02-18 09:50:00,7401.816667
2025-02-18 09:51:00,7410.45
2025-02-18 09:52:00,7411.916667
2025-02-18 09:53:00,7400.633333
2025-02-18 09:54:00,7380.033333
2025-02-18 09:55:00,7400.466667
2025-02-18 09:56:00,7368.2
2025-02-18 09:57:00,7366.266667
2025-02-18 09:58:00,7364.933333
2025-02-18 09:59:00,7388.133333
2025-02-18 10:00:00,7390.75
2025-02-18 10:01:00,7394.533333
2025-02-18 10:02:00,7412.0
2025-02-18 10:03:00,7379.1
2025-02-18 10:04:00,7389.6
2025-02-18 10:05:00,7422.0
2025-02-18 10:06:00,7481.283333
2025-02-18 10:07:00,7522.35
2025-02-18 10:08:00,7532.6
2025-02-18 10:09:00,7604.783333
2025-02-18 10:10:00,7641.966667
2025-02-18 10:11:00,7687.166667
2025-02-18 10:12:00,7704.383333
2025-02-18 10:13:00,7753.366667
2025-02-18 10:14:00,7792.083333
2025-02-18 10:15:00,7853.383333
2025-02-18 10:16:00,7868.6
2025-02-18 10:17:00,7882.266667
2025-02-18 10:18:00,7973.283333
2025-02-18 10:19:00,8013.983333
2025-02-18 10:20:00,8042.883333
2025-02-18 10:21:00,8068.25
2025-02-18 10:22:00,8092.333333
2025-02-18 10:23:00,8124.883333
2025-02-18 10:24:00,8150.15
2025-02-18 10:25:00,8149.883333
2025-02-18 10:26:00,8203.166667
2025-02-18 10:27:00,8244.883333
2025-02-18 10:28:00,8290.733333
2025-02-18 10:29:00,8357.733333
2025-02-18 10:30:00,8400.916667
2025-02-18 10:31:00,8439.483333
2025-02-18 10:32:00,8433.616667
2025-02-18 10:33:00,8402.383333
2025-02-18 10:34:00,8435.816667
2025-02-18 10:35:00,8488.183333
2025-02-18 10:36:00,8524.916667
2025-02-18 10:37:00,8564.883333
2025-02-18 10:38:00,8598.666667
2025-02-18 10:39:00,8675.8
2025-02-18 10:40:00,8687.2
2025-02-18 10:41:00,8715.716667
2025-02-18 10:42:00,8722.816667
2025-02-18 10:43:00,8737.016667
2025-02-18 10:44:00,8737.633333
2025-02-18 10:45:00,8777.033333
2025-02-18 10:46:00,8814.566667
2025-02-18 10:47:00,8792.116667
2025-02-18 10:48:00,8791.583333
2025-02-18 10:49:00,8793.816667
2025-02-18 10:50:00,8862.516667
2025-02-18 10:51:00,8872.833333
2025-02-18 10:52:00,8806.416667
2025-02-18 10:53:00,8688.383333
2025-02-18 10:54:00,8656.716667
2025-02-18 10:55:00,8554.616667
2025-02-18 10:56:00,8502.083333
2025-02-18 10:57:00,8464.316667
2025-02-18 10:58:00,8492.816667
2025-02-18 10:59:00,8458.833333
2025-02-18 11:00:00,8430.033333
2025-02-18 11:01:00,8413.55
2025-02-18 11:02:00,8389.716667
2025-02-18 11:03:00,8366.466667
2025-02-18 11:04:00,8355.266667
2025-02-18 11:05:00,8327.8
2025-02-18 11:06:00,8335.183333
2025-02-18 11:07:00,8330.85
2025-02-18 11:08:00,8332.483333
2025-02-18 11:09:00,8353.583333
2025-02-18 11:10:00,8357.4
2025-02-18 11:11:00,8360.316667
2025-02-18 11:12:00,8361.766667
2025-02-18 11:13:00,8357.716667
2025-02-18 11:14:00,8356.366667
2025-02-18 11:15:00,8388.633333
2025-02-18 11:16:00,8397.65
2025-02-18 11:17:00,8422.9
2025-02-18 11:18:00,8462.1
2025-02-18 11:19:00,8486.933333
2025-02-18 11:20:00,8537.483333
2025-02-18 11:21:00,8590.35
2025-02-18 11:22:00,8597.566667
2025-02-18 11:23:00,8653.133333
2025-02-18 11:24:00,8676.5
2025-02-18 11:25:00,8747.316667
2025-02-18 11:26:00,8821.916667
2025-02-18 11:27:00,8860.783333
2025-02-18 11:28:00,8860.016667
2025-02-18 11:29:00,8944.016667
2025-02-18 11:30:00,9012.05
2025-02-18 11:31:00,9068.233333
2025-02-18 11:32:00,9120.366667
2025-02-18 11:33:00,9121.133333
2025-02-18 11:34:00,9174.466667
2025-02-18 11:35:00,9160.316667
2025-02-18 11:36:00,9216.3
2025-02-18 11:37:00,9266.2
2025-02-18 11:38:00,9336.283333
2025-02-18 11:39:00,9365.416667
2025-02-18 11:40:00,9402.916667
2025-02-18 11:41:00,9504.05
2025-02-18 11:42:00,9549.416667
2025-02-18 11:43:00,9579.6
2025-02-18 11:44:00,9605.516667
2025-02-18 11:45:00,9658.716667
2025-02-18 11:46:00,9666.433333
2025-02-18 11:47:00,9762.766667
2025-02-18 11:48:00,9777.366667
2025-02-18 11:49:00,9833.65
2025-02-18 11:50:00,9864.433333
2025-02-18 11:51:00,9879.333333
2025-02-18 11:52:00,9957.5
2025-02-18 11:53:00,10014.35
2025-02-18 11:54:00,10096.8
2025-02-18 11:55:00,10123.3
2025-02-18 11:56:00,10128.85
2025-02-18 11:57:00,10174.28333
2025-02-18 11:58:00,10229.96667
2025-02-18 11:59:00,10241.03333
2025-02-18 12:00:00,10269.25
2025-02-18 12:01:00,10270.95
2025-02-18 12:02:00,10236.13333
2025-02-18 12:03:00,10179.83333
2025-02-18 12:04:00,10192.75
2025-02-18 12:05:00,10237.0
2025-02-18 12:06:00,10208.55
2025-02-18 12:07:00,10114.66667
2025-02-18 12:08:00,10017.56667
2025-02-18 12:09:00,9892.083333
2025-02-18 12:10:00,9808.266667
2025-02-18 12:11:00,9751.9
2025-02-18 12:12:00,9679.516667
2025-02-18 12:13:00,9689.983333
2025-02-18 12:14:00,9637.583333
2025-02-18 12:15:00,9625.633333
2025-02-18 12:16:00,9620.566667
2025-02-18 12:17:00,9617.85
2025-02-18 12:18:00,9613.5
2025-02-18 12:19:00,9591.783333
2025-02-18 12:20:00,9596.316667
2025-02-18 12:21:00,9565.75
2025-02-18 12:22:00,9566.25
2025-02-18 12:23:00,9571.35
2025-02-18 12:24:00,9575.283333
2025-02-18 12:25:00,9609.566667
2025-02-18 12:26:00,9613.083333
2025-02-18 12:27:00,9629.633333
2025-02-18 12:28:00,9656.566667
2025-02-18 12:29:00,9690.55
2025-02-18 12:30:00,9703.416667
2025-02-18 12:31:00,9700.6
2025-02-18 12:32:00,9744.016667
2025-02-18 12:33:00,9784.766667
2025-02-18 12:34:00,9806.833333
2025-02-18 12:35:00,9822.55
2025-02-18 12:36:00,9888.45
2025-02-18 12:37:00,9930.633333
2025-02-18 12:38:00,9943.5
2025-02-18 12:39:00,9986.216667
2025-02-18 12:40:00,10014.76667
2025-02-18 12:41:00,10050.85
2025-02-18 12:42:00,10083.3
2025-02-18 12:43:00,10108.23333
2025-02-18 12:44:00,10175.23333
2025-02-18 12:45:00,10195.85
2025-02-18 12:46:00,10218.55
2025-02-18 12:47:00,10288.5
2025-02-18 12:48:00,10325.9
2025-02-18 12:49:00,10381.33333
2025-02-18 12:50:00,10481.46667
2025-02-18 12:51:00,10559.15
2025-02-18 12:52:00,10581.46667
2025-02-18 12:53:00,10663.38333
2025-02-18 12:54:00,10772.26667
2025-02-18 12:55:00,10891.48333
2025-02-18 12:56:00,10962.45
2025-02-18 12:57:00,11026.76667
2025-02-18 12:58:00,11096.26667
2025-02-18 12:59:00,11145.53333
2025-02-18 13:00:00,11252.98333
2025-02-18 13:01:00,11288.61667
2025-02-18 13:02:00,11300.7
2025-02-18 13:03:00,11293.3
2025-02-18 13:04:00,11294.36667
2025-02-18 13:05:00,11316.5
2025-02-18 13:06:00,11331.83333
2025-02-18 13:07:00,11307.26667
2025-02-18 13:08:00,11358.46667
2025-02-18 13:09:00,11371.11667
2025-02-18 13:10:00,11357.06667
2025-02-18 13:11:00,11381.23333
2025-02-18 13:12:00,11374.05
2025-02-18 13:13:00,11345.9
2025-02-18 13:14:00,11324.1
2025-02-18 13:15:00,11367.76667
2025-02-18 13:16:00,11406.33333
2025-02-18 13:17:00,11413.48333
2025-02-18 13:18:00,11376.33333
2025-02-18 13:19:00,11326.26667
2025-02-18 13:20:00,11343.98333
2025-02-18 13:21:00,11271.98333
2025-02-18 13:22:00,11173.45
2025-02-18 13:23:00,11055.03333
2025-02-18 13:24:00,10922.61667
2025-02-18 13:25:00,10724.46667
2025-02-18 13:26:00,10626.75
2025-02-18 13:27:00,10531.73333
2025-02-18 13:28:00,10466.76667
2025-02-18 13:29:00,10358.06667
2025-02-18 13:30:00,10286.68333
2025-02-18 13:31:00,10214.71667
2025-02-18 13:32:00,10167.78333
2025-02-18 13:33:00,10102.11667
2025-02-18 13:34:00,10053.85
2025-02-18 13:35:00,10020.25
2025-02-18 13:36:00,9989.5
2025-02-18 13:37:00,9937.633333
2025-02-18 13:38:00,9900.05
2025-02-18 13:39:00,9908.766667
2025-02-18 13:40:00,9873.9
2025-02-18 13:41:00,9856.783333
2025-02-18 13:42:00,9856.133333
2025-02-18 13:43:00,9833.516667
2025-02-18 13:44:00,9840.716667
2025-02-18 13:45:00,9857.4
2025-02-18 13:46:00,9883.933333
2025-02-18 13:47:00,9898.766667
2025-02-18 13:48:00,9931.183333
2025-02-18 13:49:00,9913.65
2025-02-18 13:50:00,9897.516667
2025-02-18 13:51:00,9924.783333
2025-02-18 13:52:00,9924.983333
2025-02-18 13:53:00,9901.6
2025-02-18 13:54:00,9880.8
2025-02-18 13:55:00,9910.85
2025-02-18 13:56:00,9868.516667
2025-02-18 13:57:00,9872.916667
2025-02-18 13:58:00,9832.916667
2025-02-18 13:59:00,9821.95
2025-02-18 14:00:00,9805.033333
2025-02-18 14:01:00,9796.483333
2025-02-18 14:02:00,9821.183333
2025-02-18 14:03:00,9793.166667
2025-02-18 14:04:00,9777.933333
2025-02-18 14:05:00,9734.2
2025-02-18 14:06:00,9758.533333
2025-02-18 14:07:00,9783.983333
2025-02-18 14:08:00,9777.633333
2025-02-18 14:09:00,9787.383333
2025-02-18 14:10:00,9825.516667
2025-02-18 14:11:00,9853.183333
2025-02-18 14:12:00,9877.25
2025-02-18 14:13:00,9919.566667
2025-02-18 14:14:00,9970.833333
2025-02-18 14:15:00,10006.9
2025-02-18 14:16:00,10055.68333
2025-02-18 14:17:00,10080.88333
2025-02-18 14:18:00,10095.11667
2025-02-18 14:19:00,10116.11667
2025-02-18 14:20:00,10133.88333
2025-02-18 14:21:00,10125.33333
2025-02-18 14:22:00,10153.65
2025-02-18 14:23:00,10143.41667
2025-02-18 14:24:00,10110.33333
2025-02-18 14:25:00,10076.31667
2025-02-18 14:26:00,10063.4
2025-02-18 14:27:00,10053.33333
2025-02-18 14:28:00,10002.85
2025-02-18 14:29:00,9991.533333
2025-02-18 14:30:00,9921.35
2025-02-18 14:31:00,9907.5
2025-02-18 14:32:00,9847.766667
2025-02-18 14:33:00,9803.683333
2025-02-18 14:34:00,9780.683333
2025-02-18 14:35:00,9717.9
2025-02-18 14:36:00,9659.25
2025-02-18 14:37:00,9594.466667
2025-02-18 14:38:00,9544.816667
2025-02-18 14:39:00,9462.8
2025-02-18 14:40:00,9416.783333
2025-02-18 14:41:00,9299.383333
2025-02-18 14:42:00,9181.183333
2025-02-18 14:43:00,9050.4
2025-02-18 14:44:00,8889.816667
2025-02-18 14:45:00,8751.783333
2025-02-18 14:46:00,8641.8
2025-02-18 14:47:00,8512.0
2025-02-18 14:48:00,8423.533333
2025-02-18 14:49:00,8413.883333
2025-02-18 14:50:00,8351.033333
2025-02-18 14:51:00,8315.25
2025-02-18 14:52:00,8236.666667
2025-02-18 14:53:00,8188.2
2025-02-18 14:54:00,8173.483333
2025-02-18 14:55:00,8148.416667
2025-02-18 14:56:00,8061.233333
2025-02-18 14:57:00,8007.166667
2025-02-18 14:58:00,8015.3
2025-02-18 14:59:00,7972.666667
2025-02-18 15:00:00,7931.933333
2025-02-18 15:01:00,7916.1
2025-02-18 15:02:00,7870.733333
2025-02-18 15:03:00,7801.116667
2025-02-18 15:04:00,7766.95
2025-02-18 15:05:00,7719.033333
2025-02-18 15:06:00,7720.666667
2025-02-18 15:07:00,7700.333333
2025-02-18 15:08:00,7647.45
2025-02-18 15:09:00,7646.533333
2025-02-18 15:10:00,7650.466667
2025-02-18 15:11:00,7629.783333
2025-02-18 15:12:00,7559.483333
2025-02-18 15:13:00,7515.666667
2025-02-18 15:14:00,7476.166667
2025-02-18 15:15:00,7438.85
2025-02-18 15:16:00,7421.366667
2025-02-18 15:17:00,7420.9
2025-02-18 15:18:00,7380.883333
2025-02-18 15:19:00,7347.2
2025-02-18 15:20:00,7330.266667
2025-02-18 15:21:00,7275.6
2025-02-18 15:22:00,7275.35
2025-02-18 15:23:00,7213.55
2025-02-18 15:24:00,7200.333333
2025-02-18 15:25:00,7182.533333
2025-02-18 15:26:00,7131.65
2025-02-18 15:27:00,7120.2
2025-02-18 15:28:00,7058.816667
2025-02-18 15:29:00,7019.783333
2025-02-18 15:30:00,7006.216667
2025-02-18 15:31:00,7007.116667
2025-02-18 15:32:00,6999.583333
2025-02-18 15:33:00,6961.0
2025-02-18 15:34:00,6941.016667
2025-02-18 15:35:00,6899.766667
2025-02-18 15:36:00,6877.0
2025-02-18 15:37:00,6896.45
2025-02-18 15:38:00,6859.383333
2025-02-18 15:39:00,6816.133333
2025-02-18 15:40:00,6791.5
2025-02-18 15:41:00,6794.733333
2025-02-18 15:42:00,6776.483333
2025-02-18 15:43:00,6759.366667
2025-02-18 15:44:00,6754.983333
2025-02-18 15:45:00,6740.666667
2025-02-18 15:46:00,6709.516667
2025-02-18 15:47:00,6660.783333
2025-02-18 15:48:00,6668.4
2025-02-18 15:49:00,6626.983333
2025-02-18 15:50:00,6607.5
2025-02-18 15:51:00,6578.55
2025-02-18 15:52:00,6524.3
2025-02-18 15:53:00,6494.516667
2025-02-18 15:54:00,6449.7
2025-02-18 15:55:00,6437.633333
2025-02-18 15:56:00,6402.9
2025-02-18 15:57:00,6359.983333
2025-02-18 15:58:00,6306.05
2025-02-18 15:59:00,6260.683333
